time,06H,06V,10H,10V,19H,19V,37H,37V,melt_asc,melt_asc20,melt_asc30,melt_dsc,inc,x,y,01H,01V,lat,lon,t2m
2012-10-04,136.7,206.59999,135.2,201.2,150.7,207.59999,168.5,223.4,0,0,0,0,52.5,40.0,159.0,186.39485,234.90097,-70.62072922853199,-71.77884040695511,266.74548
2012-10-05,137.7,206.79999,136.09999,201.09999,150.59999,206.9,169.7,222.7,0,0,0,0,52.5,40.0,159.0,,,-70.62072922853199,-71.77884040695511,263.75827
2012-10-06,136.8,206.4,135.0,200.3,149.59999,206.59999,170.0,221.5,0,0,0,0,52.5,40.0,159.0,185.94928,233.89386,-70.62072922853199,-71.77884040695511,262.14954
2012-10-07,137.2,206.29999,136.2,200.8,149.7,206.0,168.7,222.4,0,0,0,0,52.5,40.0,159.0,,,-70.62072922853199,-71.77884040695511,261.1828
2012-10-08,137.3,206.5,135.0,200.09999,147.0,205.5,165.9,221.2,0,0,0,0,52.5,40.0,159.0,185.46098,233.66191,-70.62072922853199,-71.77884040695511,260.05472
2012-10-09,137.5,206.09999,136.59999,200.9,154.59999,209.29999,179.0,225.5,0,0,0,0,52.5,40.0,159.0,188.06116,236.57338,-70.62072922853199,-71.77884040695511,259.33203
2012-10-10,142.0,206.7,141.4,200.59999,161.3,208.5,189.59999,228.0,0,0,0,0,52.5,40.0,159.0,,,-70.62072922853199,-71.77884040695511,268.4813
2012-10-11,140.0,206.09999,139.3,200.2,157.2,206.0,184.09999,223.7,0,0,0,0,52.5,40.0,159.0,185.15579,232.61818,-70.62072922853199,-71.77884040695511,263.0118
2012-10-12,142.2,206.59999,142.09999,200.59999,161.8,208.5,190.8,227.09999,0,0,0,0,52.5,40.0,159.0,182.98898,231.58665,-70.62072922853199,-71.77884040695511,266.68628
2012-10-13,140.7,206.2,139.7,200.0,156.8,205.59999,183.59999,223.9,0,0,0,0,52.5,40.0,159.0,,,-70.62072922853199,-71.77884040695511,266.52747
2012-10-14,141.0,206.09999,141.09999,200.59999,157.2,205.5,185.4,224.29999,0,0,0,0,52.5,40.0,159.0,187.9574,233.88776,-70.62072922853199,-71.77884040695511,260.54105
2012-10-15,140.59999,205.9,139.8,199.59999,157.5,206.09999,185.8,223.7,0,0,0,0,52.5,40.0,159.0,191.19846,233.82062,-70.62072922853199,-71.77884040695511,256.317
2012-10-16,141.9,206.2,143.5,201.8,164.2,209.5,198.7,230.5,0,0,0,0,52.5,40.0,159.0,188.70815,233.4727,-70.62072922853199,-71.77884040695511,263.82123
2012-10-17,141.59999,206.09999,140.5,199.7,158.2,205.79999,187.3,225.2,0,0,0,0,52.5,40.0,159.0,187.51183,233.39336,-70.62072922853199,-71.77884040695511,256.54617
2012-10-18,141.0,205.9,140.7,200.4,159.3,206.29999,190.59999,226.59999,0,0,0,0,52.5,40.0,159.0,186.35213,233.02103,-70.62072922853199,-71.77884040695511,255.73766
2012-10-19,142.09999,206.2,140.8,199.4,157.3,205.0,185.59999,223.7,0,0,0,0,52.5,40.0,159.0,191.66844,230.88474,-70.62072922853199,-71.77884040695511,253.37077
2012-10-20,140.8,205.59999,140.0,199.7,157.7,205.59999,185.59999,224.2,0,0,0,0,52.5,40.0,159.0,,,-70.62072922853199,-71.77884040695511,253.36082
2012-10-21,141.7,205.79999,141.2,199.9,157.7,204.09999,184.8,223.2,0,0,0,0,52.5,40.0,159.0,189.88617,234.47981,-70.62072922853199,-71.77884040695511,253.95932
2012-10-22,141.2,206.2,139.8,200.0,158.0,206.59999,186.4,225.59999,0,0,0,0,52.5,40.0,159.0,190.63692,232.37404,-70.62072922853199,-71.77884040695511,261.34903
2012-10-23,140.9,205.79999,140.8,200.3,158.3,205.79999,188.3,225.29999,0,0,0,0,52.5,40.0,159.0,185.13748,233.89996,-70.62072922853199,-71.77884040695511,265.1221
2012-10-24,142.7,206.29999,140.9,200.0,159.7,206.09999,190.09999,226.2,0,0,0,0,52.5,40.0,159.0,188.65932,232.75858,-70.62072922853199,-71.77884040695511,265.48877
2012-10-25,140.9,205.7,140.09999,200.0,158.0,204.9,189.59999,224.7,0,0,0,0,52.5,40.0,159.0,184.64308,234.10748,-70.62072922853199,-71.77884040695511,261.96976
2012-10-26,142.8,206.5,142.0,200.09999,161.5,206.7,195.4,227.7,0,0,0,0,52.5,40.0,159.0,187.34093,231.8186,-70.62072922853199,-71.77884040695511,260.97412
2012-10-27,141.8,205.9,141.59999,200.4,159.59999,205.79999,191.59999,225.9,0,0,0,0,52.5,40.0,159.0,188.75699,233.94879,-70.62072922853199,-71.77884040695511,259.54715
2012-10-28,143.2,206.29999,142.4,200.0,160.59999,205.9,192.09999,225.79999,0,0,0,0,52.5,40.0,159.0,,,-70.62072922853199,-71.77884040695511,258.9955
2012-10-29,142.4,206.09999,141.5,199.7,159.9,204.9,191.09999,224.9,0,0,0,0,52.5,40.0,159.0,189.1354,234.19293,-70.62072922853199,-71.77884040695511,257.74615
2012-10-30,142.4,205.7,142.5,199.9,161.2,205.09999,191.59999,225.09999,0,0,0,0,52.5,40.0,159.0,185.8089,234.08307,-70.62072922853199,-71.77884040695511,255.86206
2012-10-31,143.4,206.09999,142.4,199.3,160.8,204.9,189.8,224.5,0,0,0,0,52.5,40.0,159.0,189.20255,231.4951,-70.62072922853199,-71.77884040695511,255.63806
2012-11-01,141.59999,205.29999,141.8,199.9,161.2,204.5,190.9,225.0,0,0,0,0,52.5,40.0,159.0,191.11911,234.66902,-70.62072922853199,-71.77884040695511,256.72592
2012-11-02,144.7,206.2,143.3,199.5,162.5,206.09999,195.09999,226.7,0,0,0,0,52.5,40.0,159.0,,,-70.62072922853199,-71.77884040695511,258.51852
2012-11-03,142.9,205.5,142.4,199.5,162.59999,205.7,193.5,226.29999,0,0,0,0,52.5,40.0,159.0,189.83124,234.08307,-70.62072922853199,-71.77884040695511,257.17908
2012-11-04,144.9,206.5,143.9,200.09999,163.8,206.79999,197.5,228.4,0,0,0,0,52.5,40.0,159.0,187.73155,233.08206,-70.62072922853199,-71.77884040695511,257.51596
2012-11-05,143.9,206.29999,143.2,200.0,164.4,207.09999,195.09999,227.4,0,0,0,0,52.5,40.0,159.0,188.06726,234.70566,-70.62072922853199,-71.77884040695511,257.57666
2012-11-06,143.7,205.9,143.5,199.9,162.9,205.0,192.3,224.7,0,0,0,0,52.5,40.0,159.0,191.82715,234.52864,-70.62072922853199,-71.77884040695511,259.40952
2012-11-07,142.2,206.5,141.59999,200.59999,159.8,207.5,190.3,227.9,0,0,0,0,52.5,40.0,159.0,,,-70.62072922853199,-71.77884040695511,266.91183
2012-11-08,141.59999,206.29999,142.3,201.0,160.2,207.2,190.8,227.79999,0,0,0,0,52.5,40.0,159.0,188.15271,236.51234,-70.62072922853199,-71.77884040695511,266.90204
2012-11-09,146.7,207.2,143.8,201.0,160.59999,207.7,191.59999,228.29999,0,0,0,0,52.5,40.0,159.0,187.93909,234.27838,-70.62072922853199,-71.77884040695511,264.94495
2012-11-10,142.5,206.79999,142.7,201.7,163.59999,209.59999,195.8,230.9,0,0,0,0,52.5,40.0,159.0,183.89844,232.99661,-70.62072922853199,-71.77884040695511,264.9221
2012-11-11,144.2,207.59999,143.5,201.59999,162.0,208.5,192.9,229.7,0,0,0,0,52.5,40.0,159.0,186.8038,233.28958,-70.62072922853199,-71.77884040695511,265.8442
2012-11-12,142.0,206.7,141.9,201.4,163.59999,209.5,193.8,230.2,0,0,0,0,52.5,40.0,159.0,185.06424,235.56627,-70.62072922853199,-71.77884040695511,266.5265
2012-11-13,144.0,207.4,144.8,202.09999,165.7,209.9,196.8,231.4,0,0,0,0,52.5,40.0,159.0,185.84552,232.46559,-70.62072922853199,-71.77884040695511,270.08105
2012-11-14,144.59999,207.7,145.7,202.7,168.3,211.2,199.7,232.5,0,0,0,0,52.5,40.0,159.0,190.05707,236.2987,-70.62072922853199,-71.77884040695511,270.72208
2012-11-15,144.8,207.0,146.2,202.59999,167.0,209.7,200.8,232.29999,0,0,0,0,52.5,40.0,159.0,188.20764,233.9732,-70.62072922853199,-71.77884040695511,266.13107
2012-11-16,146.59999,207.59999,146.0,202.2,167.7,210.0,200.7,232.59999,0,0,0,0,52.5,40.0,159.0,189.54436,234.29669,-70.62072922853199,-71.77884040695511,266.0315
2012-11-17,144.09999,207.09999,145.59999,202.59999,169.2,211.79999,202.09999,233.59999,0,0,0,0,52.5,40.0,159.0,188.30531,235.36485,-70.62072922853199,-71.77884040695511,264.52277
2012-11-18,194.0,245.09999,233.59999,258.69998,252.59999,266.3,261.8,268.6,1,1,1,0,52.5,40.0,159.0,174.95651,234.83383,-70.62072922853199,-71.77884040695511,270.83218
2012-11-19,230.09999,256.6,250.2,266.5,264.4,270.9,264.5,268.8,1,1,1,0,52.5,40.0,159.0,187.2921,232.85623,-70.62072922853199,-71.77884040695511,269.43436
2012-11-20,207.79999,241.4,226.79999,249.7,247.5,262.19998,257.0,266.69998,1,1,1,1,52.5,40.0,159.0,,,-70.62072922853199,-71.77884040695511,271.24356
2012-11-21,212.9,245.2,232.09999,255.79999,246.59999,261.8,250.7,264.1,1,1,1,1,52.5,40.0,159.0,184.86282,236.77481,-70.62072922853199,-71.77884040695511,271.3018
2012-11-22,176.9,224.5,193.59999,231.9,217.29999,241.29999,224.9,247.09999,1,1,1,0,52.5,40.0,159.0,185.08865,230.54903,-70.62072922853199,-71.77884040695511,268.92914
2012-11-23,146.59999,208.79999,148.2,204.4,172.0,214.2,203.8,230.9,0,0,0,0,52.5,40.0,159.0,183.17209,234.71176,-70.62072922853199,-71.77884040695511,268.66257
2012-11-24,188.2,230.5,211.2,241.5,226.29999,249.0,241.7,256.4,1,1,1,0,52.5,40.0,159.0,181.69499,237.55608,-70.62072922853199,-71.77884040695511,268.27283
2012-11-25,161.4,212.7,162.0,209.9,173.5,212.0,196.7,225.5,0,0,0,0,52.5,40.0,159.0,180.48036,232.61208,-70.62072922853199,-71.77884040695511,266.95
2012-11-26,159.4,215.4,167.7,215.4,188.09999,226.2,217.29999,240.9,0,1,1,0,52.5,40.0,159.0,187.39586,239.2651,-70.62072922853199,-71.77884040695511,266.2806
2012-11-27,147.59999,209.0,151.09999,206.09999,179.2,218.79999,218.09999,238.79999,0,1,0,0,52.5,40.0,159.0,181.27994,232.60597,-70.62072922853199,-71.77884040695511,268.52332
2012-11-28,162.3,217.59999,170.59999,219.0,183.9,222.79999,209.79999,237.09999,0,1,0,0,52.5,40.0,159.0,180.0409,235.609,-70.62072922853199,-71.77884040695511,270.70154
2012-11-29,171.4,222.79999,185.7,229.29999,210.2,238.09999,226.79999,249.0,1,1,1,0,52.5,40.0,159.0,184.27077,233.37505,-70.62072922853199,-71.77884040695511,271.72067
2012-11-30,152.5,213.4,158.7,212.9,175.7,218.7,199.7,232.4,0,0,0,0,52.5,40.0,159.0,180.95035,235.15121,-70.62072922853199,-71.77884040695511,270.9445
2012-12-01,144.7,208.4,146.0,204.4,164.09999,211.29999,191.5,226.4,0,0,0,0,52.5,40.0,159.0,186.22394,233.02713,-70.62072922853199,-71.77884040695511,267.98285
2012-12-02,147.09999,209.29999,148.2,205.4,164.4,211.2,192.2,226.0,0,0,0,0,52.5,40.0,159.0,185.42436,234.04645,-70.62072922853199,-71.77884040695511,266.73663
2012-12-03,144.2,208.29999,146.4,205.2,166.5,211.9,195.9,227.29999,0,0,0,0,52.5,40.0,159.0,184.74075,233.60088,-70.62072922853199,-71.77884040695511,266.65753
2012-12-04,146.09999,208.4,145.9,203.4,164.8,210.7,192.9,224.9,0,0,0,0,52.5,40.0,159.0,187.64,234.25397,-70.62072922853199,-71.77884040695511,265.43503
2012-12-05,144.4,208.2,145.5,204.09999,164.7,209.7,193.5,223.9,0,0,0,0,52.5,40.0,159.0,182.48238,233.137,-70.62072922853199,-71.77884040695511,264.6928
2012-12-06,148.4,209.9,149.8,206.09999,169.9,213.2,198.2,227.0,0,0,0,0,52.5,40.0,159.0,185.51591,233.23465,-70.62072922853199,-71.77884040695511,266.5736
2012-12-07,155.4,214.0,163.09999,214.09999,186.7,223.0,213.29999,235.59999,0,1,1,0,52.5,40.0,159.0,185.93707,234.61409,-70.62072922853199,-71.77884040695511,267.36465
2012-12-08,171.3,221.7,185.4,226.9,206.29999,235.59999,226.4,244.7,1,1,1,0,52.5,40.0,159.0,180.70619,233.6314,-70.62072922853199,-71.77884040695511,266.4662
2012-12-09,214.7,245.0,240.29999,259.8,255.79999,268.19998,261.6,267.9,1,1,1,0,52.5,40.0,159.0,182.18939,234.9559,-70.62072922853199,-71.77884040695511,267.12537
2012-12-10,225.4,249.7,245.09999,262.0,257.69998,268.69998,260.1,267.0,1,1,1,0,52.5,40.0,159.0,182.49458,231.03732,-70.62072922853199,-71.77884040695511,267.90198
2012-12-11,223.9,248.09999,241.9,260.4,254.59999,265.19998,256.8,263.9,1,1,1,0,52.5,40.0,159.0,,,-70.62072922853199,-71.77884040695511,267.22012
2012-12-12,244.0,260.1,254.7,268.19998,258.1,270.0,255.5,264.3,1,1,1,0,52.5,40.0,159.0,181.49968,236.32924,-70.62072922853199,-71.77884040695511,267.07153
2012-12-13,240.7,257.19998,253.4,265.9,260.6,269.1,257.1,264.1,1,1,1,1,52.5,40.0,159.0,183.45897,231.50731,-70.62072922853199,-71.77884040695511,267.58246
2012-12-14,239.09999,257.0,254.5,266.9,261.1,269.8,255.5,262.6,1,1,1,1,52.5,40.0,159.0,184.0144,235.15732,-70.62072922853199,-71.77884040695511,267.913
2012-12-15,251.7,265.69998,262.5,270.0,259.8,269.9,257.5,264.69998,1,1,1,1,52.5,40.0,159.0,191.05807,233.51543,-70.62072922853199,-71.77884040695511,269.14432
2012-12-16,258.5,267.9,259.1,270.69998,257.8,269.5,254.09999,261.6,1,1,1,1,52.5,40.0,159.0,184.58205,235.81042,-70.62072922853199,-71.77884040695511,269.37192
2012-12-17,257.5,267.3,257.69998,270.69998,257.69998,269.69998,250.79999,260.3,1,1,1,1,52.5,40.0,159.0,189.9411,232.83792,-70.62072922853199,-71.77884040695511,269.41638
2012-12-18,255.4,268.6,256.9,270.6,254.29999,269.0,255.4,263.19998,1,1,1,1,52.5,40.0,159.0,196.3744,234.31502,-70.62072922853199,-71.77884040695511,269.63922
2012-12-19,257.19998,268.9,253.79999,271.0,259.5,269.69998,250.0,257.9,1,1,1,1,52.5,40.0,159.0,189.06827,234.49202,-70.62072922853199,-71.77884040695511,268.2928
2012-12-20,259.5,268.9,260.69998,270.9,260.8,269.1,256.3,263.3,1,1,1,1,52.5,40.0,159.0,194.43953,232.33131,-70.62072922853199,-71.77884040695511,269.0785
2012-12-21,260.69998,269.69998,262.5,271.5,261.5,270.0,255.09999,260.6,1,1,1,1,52.5,40.0,159.0,199.22482,246.39424,-70.62072922853199,-71.77884040695511,270.5351
2012-12-22,259.5,269.8,265.0,271.69998,260.9,270.4,255.0,261.19998,1,1,1,1,52.5,40.0,159.0,203.59508,246.3332,-70.62072922853199,-71.77884040695511,271.5198
2012-12-23,193.5,259.1,207.79999,262.6,235.4,265.8,254.5,265.4,1,1,1,1,52.5,40.0,159.0,213.48918,245.85712,-70.62072922853199,-71.77884040695511,273.89047
2012-12-24,256.69998,270.1,263.3,271.6,256.9,270.3,256.9,263.4,1,1,1,1,52.5,40.0,159.0,201.90436,254.45113,-70.62072922853199,-71.77884040695511,274.5411
2012-12-25,246.4,270.5,246.7,271.69998,254.79999,271.4,260.3,268.4,1,1,1,1,52.5,40.0,159.0,218.57356,252.99844,-70.62072922853199,-71.77884040695511,274.03094
2012-12-26,216.7,268.69998,226.2,270.3,235.09999,268.6,251.4,266.8,1,1,1,1,52.5,40.0,159.0,202.27058,256.2273,-70.62072922853199,-71.77884040695511,274.56015
2012-12-27,220.5,269.4,227.09999,270.0,240.59999,268.0,254.29999,266.0,1,1,1,1,52.5,40.0,159.0,198.8403,256.3921,-70.62072922853199,-71.77884040695511,274.1782
2012-12-28,227.09999,269.4,240.59999,270.9,255.0,270.1,262.3,267.6,1,1,1,1,52.5,40.0,159.0,208.01416,258.33307,-70.62072922853199,-71.77884040695511,274.18692
2012-12-29,247.0,270.8,251.29999,272.3,264.0,271.8,264.0,268.6,1,1,1,1,52.5,40.0,159.0,210.02228,263.3564,-70.62072922853199,-71.77884040695511,273.84436
2012-12-30,237.2,269.8,253.0,270.6,262.1,270.5,256.3,264.1,1,1,1,1,52.5,40.0,159.0,213.80048,259.56604,-70.62072922853199,-71.77884040695511,272.9724
2012-12-31,259.0,270.9,265.6,272.3,263.6,271.1,261.69998,266.9,1,1,1,1,52.5,40.0,159.0,236.7565,263.53345,-70.62072922853199,-71.77884040695511,273.3751
2013-01-01,231.09999,269.1,247.4,270.6,254.4,269.5,256.6,265.4,1,1,1,1,52.5,40.0,159.0,213.56242,263.6372,-70.62072922853199,-71.77884040695511,273.67303
2013-01-02,228.7,269.6,240.09999,270.69998,256.19998,270.0,261.8,267.0,1,1,1,1,52.5,40.0,159.0,211.65196,261.1896,-70.62072922853199,-71.77884040695511,272.2219
2013-01-03,235.7,268.5,251.59999,270.1,263.69998,270.19998,259.0,263.0,1,1,1,1,52.5,40.0,159.0,196.3744,264.7664,-70.62072922853199,-71.77884040695511,273.63046
2013-01-04,249.7,268.9,265.0,271.19998,249.79999,270.1,250.79999,259.5,1,1,1,1,52.5,40.0,159.0,219.47081,265.27908,-70.62072922853199,-71.77884040695511,271.6029
2013-01-05,256.19998,269.3,265.19998,271.9,255.09999,270.3,255.4,261.4,1,1,1,1,52.5,40.0,159.0,243.77576,267.568,-70.62072922853199,-71.77884040695511,271.45197
2013-01-06,258.8,269.5,259.69998,272.19998,263.1,269.9,252.4,260.69998,1,1,1,1,52.5,40.0,159.0,228.84,266.9393,-70.62072922853199,-71.77884040695511,271.2533
2013-01-07,261.8,270.5,258.6,272.6,263.8,270.5,255.2,261.4,1,1,1,1,52.5,40.0,159.0,222.47383,264.9617,-70.62072922853199,-71.77884040695511,271.09357
2013-01-08,261.19998,270.6,256.8,272.19998,263.8,269.8,257.3,262.1,1,1,1,1,52.5,40.0,159.0,211.62755,265.27908,-70.62072922853199,-71.77884040695511,270.6323
2013-01-09,263.6,270.4,262.5,272.1,263.19998,269.9,258.69998,263.3,1,1,1,1,52.5,40.0,159.0,231.55003,266.41437,-70.62072922853199,-71.77884040695511,271.29672
2013-01-10,265.69998,270.8,264.6,272.1,261.4,270.19998,253.5,257.6,1,1,1,1,52.5,40.0,159.0,237.44011,266.1092,-70.62072922853199,-71.77884040695511,272.1679
2013-01-11,252.09999,269.1,258.5,271.3,252.79999,269.1,255.59999,261.6,1,1,1,1,52.5,40.0,159.0,231.08615,263.29538,-70.62072922853199,-71.77884040695511,273.26764
2013-01-12,257.69998,269.3,251.59999,270.9,250.59999,267.8,247.9,255.5,1,1,1,1,52.5,40.0,159.0,226.52058,266.89047,-70.62072922853199,-71.77884040695511,272.34406
2013-01-13,261.8,270.0,256.8,271.3,253.7,268.8,250.2,257.19998,1,1,1,1,52.5,40.0,159.0,219.81873,266.4632,-70.62072922853199,-71.77884040695511,271.24332
2013-01-14,263.0,270.3,258.6,271.19998,252.2,269.1,252.7,259.69998,1,1,1,1,52.5,40.0,159.0,235.65172,267.51306,-70.62072922853199,-71.77884040695511,271.96417
2013-01-15,263.5,270.1,261.19998,270.8,252.4,269.1,249.2,256.3,1,1,1,1,52.5,40.0,159.0,238.61201,266.9149,-70.62072922853199,-71.77884040695511,270.8732
2013-01-16,262.8,270.3,260.4,270.6,251.59999,268.69998,250.59999,258.1,1,1,1,1,52.5,40.0,159.0,228.66298,266.81113,-70.62072922853199,-71.77884040695511,271.80197
2013-01-17,264.4,269.9,265.1,270.8,253.4,268.5,246.09999,252.29999,1,1,1,1,52.5,40.0,159.0,243.67198,267.50696,-70.62072922853199,-71.77884040695511,270.89798
2013-01-18,264.69998,270.19998,265.1,271.19998,257.8,269.3,245.79999,251.09999,1,1,1,1,52.5,40.0,159.0,,,-70.62072922853199,-71.77884040695511,270.1343
2013-01-19,265.19998,269.9,266.19998,270.4,258.8,269.8,259.0,263.1,1,1,1,1,52.5,40.0,159.0,238.82565,269.0756,-70.62072922853199,-71.77884040695511,271.49707
2013-01-20,259.9,270.19998,258.69998,271.3,260.6,269.0,256.6,260.5,1,1,1,1,52.5,40.0,159.0,240.60793,264.82132,-70.62072922853199,-71.77884040695511,272.40726
2013-01-21,248.59999,269.69998,262.6,271.1,264.4,270.0,260.3,263.8,1,1,1,1,52.5,40.0,159.0,216.12598,269.64325,-70.62072922853199,-71.77884040695511,275.23117
2013-01-22,234.59999,270.5,241.79999,271.9,249.2,270.3,256.9,265.6,1,1,1,1,52.5,40.0,159.0,218.17072,267.46423,-70.62072922853199,-71.77884040695511,274.13306
2013-01-23,247.9,270.5,257.19998,271.3,255.7,269.8,239.5,249.29999,1,1,1,1,52.5,40.0,159.0,217.481,265.08377,-70.62072922853199,-71.77884040695511,273.59555
2013-01-24,255.29999,270.19998,259.1,272.3,259.69998,271.8,257.8,268.5,1,1,1,1,52.5,40.0,159.0,250.38606,269.19766,-70.62072922853199,-71.77884040695511,272.65958
2013-01-25,257.19998,270.19998,258.69998,271.6,250.79999,267.5,225.2,240.9,1,1,1,1,52.5,40.0,159.0,245.13687,265.73688,-70.62072922853199,-71.77884040695511,269.79623
2013-01-26,258.4,270.4,257.69998,270.8,239.59999,259.6,198.2,209.59999,1,1,1,1,52.5,40.0,159.0,242.10944,265.5965,-70.62072922853199,-71.77884040695511,270.9402
2013-01-27,211.29999,266.69998,215.2,268.19998,226.5,268.19998,240.0,265.9,1,1,1,1,52.5,40.0,159.0,229.43816,264.6321,-70.62072922853199,-71.77884040695511,273.8147
2013-01-28,209.59999,268.1,223.5,270.3,245.4,270.4,260.69998,267.19998,1,1,1,1,52.5,40.0,159.0,215.35081,266.9576,-70.62072922853199,-71.77884040695511,274.56384
2013-01-29,228.4,270.4,230.9,271.19998,243.09999,269.4,254.4,268.0,1,1,1,1,52.5,40.0,159.0,230.37202,266.73178,-70.62072922853199,-71.77884040695511,273.61777
2013-01-30,256.9,270.5,264.0,271.9,264.19998,271.9,254.7,264.69998,1,1,1,1,52.5,40.0,159.0,230.23163,266.56696,-70.62072922853199,-71.77884040695511,272.49307
2013-01-31,244.2,270.6,255.0,271.9,258.5,271.1,264.4,267.1,1,1,1,1,52.5,40.0,159.0,,,-70.62072922853199,-71.77884040695511,272.04016
2013-02-01,262.5,270.8,265.9,272.6,267.3,271.4,256.19998,259.9,1,1,1,1,52.5,40.0,159.0,248.85403,268.17834,-70.62072922853199,-71.77884040695511,271.653
2013-02-02,263.9,271.19998,265.8,272.5,266.69998,271.69998,261.6,265.5,1,1,1,1,52.5,40.0,159.0,246.91306,266.7745,-70.62072922853199,-71.77884040695511,271.16257
2013-02-03,243.79999,270.3,246.9,271.3,261.5,271.5,263.19998,269.69998,1,1,1,1,52.5,40.0,159.0,,,-70.62072922853199,-71.77884040695511,272.02615
2013-02-04,248.79999,268.8,263.8,270.6,255.9,269.69998,232.79999,259.6,1,1,1,1,52.5,40.0,159.0,229.98138,266.41437,-70.62072922853199,-71.77884040695511,274.70123
2013-02-05,259.19998,269.3,258.9,270.5,246.2,267.19998,234.09999,252.2,1,1,1,1,52.5,40.0,159.0,,,-70.62072922853199,-71.77884040695511,274.17813
2013-02-06,255.2,269.9,261.5,271.1,244.29999,268.6,236.0,256.1,1,1,1,1,52.5,40.0,159.0,248.93338,268.63004,-70.62072922853199,-71.77884040695511,272.90054
2013-02-07,256.19998,270.3,263.1,271.4,250.7,268.8,249.0,260.8,1,1,1,1,52.5,40.0,159.0,238.95993,265.6026,-70.62072922853199,-71.77884040695511,272.9555
2013-02-08,221.2,268.1,234.9,270.19998,259.5,271.19998,264.4,269.4,1,1,1,1,52.5,40.0,159.0,232.77078,269.83856,-70.62072922853199,-71.77884040695511,273.09448
2013-02-09,239.0,269.4,249.2,270.5,252.79999,269.69998,251.2,264.0,1,1,1,1,52.5,40.0,159.0,236.45741,268.2516,-70.62072922853199,-71.77884040695511,275.03894
2013-02-10,249.7,269.69998,254.7,271.6,250.2,269.9,245.0,262.0,1,1,1,1,52.5,40.0,159.0,,,-70.62072922853199,-71.77884040695511,273.29285
2013-02-11,256.3,270.19998,260.3,271.1,255.29999,269.9,257.8,264.4,1,1,1,1,52.5,40.0,159.0,243.04941,269.51508,-70.62072922853199,-71.77884040695511,273.6835
2013-02-12,254.9,270.19998,259.69998,272.1,261.0,270.8,257.8,265.0,1,1,1,1,52.5,40.0,159.0,251.83264,265.64532,-70.62072922853199,-71.77884040695511,273.21497
2013-02-13,261.6,270.9,260.1,272.4,258.4,270.5,253.9,263.6,1,1,1,1,52.5,40.0,159.0,,,-70.62072922853199,-71.77884040695511,272.35327
2013-02-14,260.69998,270.3,258.9,271.4,246.5,264.4,193.2,207.0,1,1,1,1,52.5,40.0,159.0,251.59459,269.05728,-70.62072922853199,-71.77884040695511,271.3971
2013-02-15,259.1,269.8,256.9,271.0,240.7,260.1,187.4,198.0,1,1,1,1,52.5,40.0,159.0,241.43803,264.04004,-70.62072922853199,-71.77884040695511,271.1731
2013-02-16,253.7,269.4,250.2,269.4,226.29999,252.2,157.4,168.4,1,1,1,1,52.5,40.0,159.0,254.87228,265.4439,-70.62072922853199,-71.77884040695511,268.7314
2013-02-17,251.9,268.3,248.9,268.1,224.29999,247.59999,180.9,188.0,1,1,1,1,52.5,40.0,159.0,252.05237,266.50592,-70.62072922853199,-71.77884040695511,267.79645
2013-02-18,247.0,267.5,242.09999,266.6,210.59999,239.0,146.3,156.09999,1,1,1,1,52.5,40.0,159.0,252.37587,256.95975,-70.62072922853199,-71.77884040695511,265.4204
2013-02-19,240.09999,265.4,232.7,263.1,201.4,233.0,143.7,156.0,1,1,1,1,52.5,40.0,159.0,251.68004,263.3137,-70.62072922853199,-71.77884040695511,264.14026
2013-02-20,231.4,262.8,221.5,258.6,195.7,227.79999,144.4,156.8,1,1,1,1,52.5,40.0,159.0,241.26102,260.10925,-70.62072922853199,-71.77884040695511,264.75992
2013-02-21,223.29999,260.19998,211.5,254.09999,187.09999,220.29999,146.0,158.59999,0,1,1,1,52.5,40.0,159.0,243.44005,260.43274,-70.62072922853199,-71.77884040695511,264.65002
2013-02-22,211.5,257.8,204.5,250.59999,201.8,227.5,219.9,224.7,1,1,1,0,52.5,40.0,159.0,236.89078,260.11536,-70.62072922853199,-71.77884040695511,267.11304
2013-02-23,225.2,265.6,237.4,268.3,250.9,269.5,262.6,268.8,1,1,1,1,52.5,40.0,159.0,211.34068,256.8804,-70.62072922853199,-71.77884040695511,274.5479
2013-02-24,236.5,268.8,237.4,270.1,242.4,267.9,253.4,264.0,1,1,1,1,52.5,40.0,159.0,220.59389,263.77148,-70.62072922853199,-71.77884040695511,274.48947
2013-02-25,248.9,269.9,247.7,270.19998,237.2,263.3,213.5,229.0,1,1,1,1,52.5,40.0,159.0,231.75757,260.29846,-70.62072922853199,-71.77884040695511,273.12918
2013-02-26,245.59999,268.3,251.09999,270.5,251.59999,268.1,240.79999,253.4,1,1,1,1,52.5,40.0,159.0,223.01706,264.00342,-70.62072922853199,-71.77884040695511,273.85358
2013-02-27,197.4,261.9,205.4,264.8,218.79999,266.5,239.9,266.3,1,1,1,1,52.5,40.0,159.0,216.1687,260.95767,-70.62072922853199,-71.77884040695511,273.86014
2013-02-28,235.79999,267.5,248.4,270.3,258.5,271.3,260.0,269.9,1,1,1,1,52.5,40.0,159.0,,,-70.62072922853199,-71.77884040695511,274.1111
2013-03-01,256.4,268.9,256.69998,270.5,255.59999,269.0,235.09999,256.1,1,1,1,1,52.5,40.0,159.0,236.90909,265.46832,-70.62072922853199,-71.77884040695511,272.94974
2013-03-02,245.2,268.8,247.7,270.6,251.7,270.5,249.4,268.0,1,1,1,1,52.5,40.0,159.0,233.44218,261.30557,-70.62072922853199,-71.77884040695511,274.33157
2013-03-03,247.5,266.69998,234.4,268.8,246.9,266.9,246.4,260.0,1,1,1,1,52.5,40.0,159.0,,,-70.62072922853199,-71.77884040695511,274.39734
2013-03-04,251.29999,269.3,244.2,269.8,242.59999,265.0,223.2,245.0,1,1,1,1,52.5,40.0,159.0,242.45125,265.82233,-70.62072922853199,-71.77884040695511,273.3676
2013-03-05,247.0,268.5,236.2,268.3,221.5,258.19998,186.8,219.5,1,1,1,1,52.5,40.0,159.0,,,-70.62072922853199,-71.77884040695511,271.08685
2013-03-06,247.59999,268.4,234.09999,267.0,207.2,248.2,159.5,192.8,1,1,1,1,52.5,40.0,159.0,249.4522,264.85794,-70.62072922853199,-71.77884040695511,269.55505
2013-03-07,245.9,267.5,232.5,266.0,204.59999,242.59999,173.09999,197.5,1,1,1,1,52.5,40.0,159.0,247.01682,264.71146,-70.62072922853199,-71.77884040695511,270.64774
2013-03-08,245.2,267.6,232.0,266.1,197.09999,239.2,156.09999,184.7,1,1,1,1,52.5,40.0,159.0,,,-70.62072922853199,-71.77884040695511,271.07758
2013-03-09,241.7,266.0,226.5,263.19998,189.4,231.0,160.8,184.8,1,1,1,1,52.5,40.0,159.0,244.6791,265.10208,-70.62072922853199,-71.77884040695511,267.90643
2013-03-10,233.0,263.1,217.4,258.9,183.7,222.9,164.2,184.59999,0,1,0,1,52.5,40.0,159.0,239.99146,262.0197,-70.62072922853199,-71.77884040695511,266.0353
2013-03-11,222.5,259.19998,203.3,251.2,169.7,208.2,157.7,179.5,0,0,0,0,52.5,40.0,159.0,240.99246,263.8142,-70.62072922853199,-71.77884040695511,264.8665
2013-03-12,214.4,256.3,195.8,246.4,173.09999,208.29999,174.4,192.09999,0,0,0,0,52.5,40.0,159.0,240.36989,261.72675,-70.62072922853199,-71.77884040695511,266.38525
2013-03-13,173.8,248.59999,193.59999,254.09999,219.0,258.6,246.59999,261.19998,1,1,1,0,52.5,40.0,159.0,201.09866,246.46748,-70.62072922853199,-71.77884040695511,271.96643
2013-03-14,209.09999,255.5,202.2,251.29999,188.59999,227.29999,195.8,213.29999,1,1,1,1,52.5,40.0,159.0,226.59993,256.58743,-70.62072922853199,-71.77884040695511,273.3564
2013-03-15,198.5,254.0,180.7,241.0,153.7,196.59999,158.3,178.0,0,0,0,0,52.5,40.0,159.0,225.72101,256.7278,-70.62072922853199,-71.77884040695511,270.28574
2013-03-16,193.59999,253.4,181.9,242.9,174.5,215.09999,186.59999,206.7,0,0,0,0,52.5,40.0,159.0,,,-70.62072922853199,-71.77884040695511,270.15247
2013-03-17,224.5,263.4,233.7,264.9,242.0,264.0,253.5,264.3,1,1,1,1,52.5,40.0,159.0,208.59401,257.30154,-70.62072922853199,-71.77884040695511,274.98694
2013-03-18,204.9,264.1,209.59999,265.5,231.2,266.6,251.5,266.1,1,1,1,1,52.5,40.0,159.0,,,-70.62072922853199,-71.77884040695511,274.03687
2013-03-19,245.29999,266.5,238.09999,266.9,235.2,263.8,227.9,248.29999,1,1,1,1,52.5,40.0,159.0,236.67104,263.23434,-70.62072922853199,-71.77884040695511,272.7553
2013-03-20,231.79999,263.19998,213.59999,258.0,181.8,231.79999,155.9,176.2,0,1,0,1,52.5,40.0,159.0,231.55614,259.07162,-70.62072922853199,-71.77884040695511,271.68893
2013-03-21,211.2,255.29999,192.5,244.7,161.59999,204.5,152.7,168.4,0,0,0,0,52.5,40.0,159.0,,,-70.62072922853199,-71.77884040695511,270.59363
2013-03-22,201.09999,251.5,177.09999,234.9,145.8,190.0,145.2,163.3,0,0,0,0,52.5,40.0,159.0,229.0292,258.3636,-70.62072922853199,-71.77884040695511,270.03366
2013-03-23,196.9,249.2,173.5,231.79999,143.8,185.9,143.0,161.2,0,0,0,0,52.5,40.0,159.0,,,-70.62072922853199,-71.77884040695511,267.60284
2013-03-24,195.4,248.7,170.8,229.79999,144.0,186.09999,151.3,167.9,0,0,0,0,52.5,40.0,159.0,228.56532,259.43173,-70.62072922853199,-71.77884040695511,266.35498
2013-03-25,194.59999,247.5,169.5,228.5,145.09999,185.4,148.4,164.3,0,0,0,0,52.5,40.0,159.0,226.74643,260.31677,-70.62072922853199,-71.77884040695511,269.3008
2013-03-26,191.0,246.7,167.3,226.79999,141.2,184.5,148.8,166.8,0,0,0,0,52.5,40.0,159.0,222.33955,255.62303,-70.62072922853199,-71.77884040695511,271.05737
2013-03-27,191.7,245.59999,166.4,224.79999,140.5,181.4,144.5,162.8,0,0,0,0,52.5,40.0,159.0,225.29375,257.10623,-70.62072922853199,-71.77884040695511,270.29642
2013-03-28,189.3,244.29999,165.09999,222.9,138.0,179.2,140.09999,157.9,0,0,0,0,52.5,40.0,159.0,,,-70.62072922853199,-71.77884040695511,268.8362
2013-03-29,188.5,243.5,163.5,221.0,134.9,176.9,138.8,156.09999,0,0,0,0,52.5,40.0,159.0,,,-70.62072922853199,-71.77884040695511,264.70435
2013-03-30,187.5,241.7,164.4,220.59999,142.8,182.5,157.7,173.4,0,0,0,0,52.5,40.0,159.0,224.12183,255.27512,-70.62072922853199,-71.77884040695511,264.72144
2013-03-31,189.7,248.7,192.8,243.79999,197.59999,230.0,211.09999,222.09999,1,1,1,0,52.5,40.0,159.0,196.83829,248.20093,-70.62072922853199,-71.77884040695511,269.61453
2013-04-01,178.2,240.4,158.0,219.79999,139.9,183.3,151.7,171.2,0,0,0,1,52.5,40.0,159.0,216.38234,253.51726,-70.62072922853199,-71.77884040695511,272.45245
2013-04-02,176.3,239.0,153.09999,215.5,140.7,184.3,158.59999,178.59999,0,0,0,0,52.5,40.0,159.0,215.3325,251.1124,-70.62072922853199,-71.77884040695511,270.9772
2013-04-03,173.09999,237.2,148.4,213.09999,130.59999,176.8,139.5,163.0,0,0,0,0,52.5,40.0,159.0,,,-70.62072922853199,-71.77884040695511,267.97733
2013-04-04,173.7,236.4,149.8,212.2,132.3,177.3,145.2,165.9,0,0,0,0,52.5,40.0,159.0,214.49629,250.68513,-70.62072922853199,-71.77884040695511,267.05084
2013-04-05,170.4,235.59999,145.7,210.9,128.4,176.3,137.59999,162.4,0,0,0,0,52.5,40.0,159.0,211.7252,250.81943,-70.62072922853199,-71.77884040695511,269.12137
2013-04-06,169.09999,234.29999,145.5,209.0,127.399994,174.59999,134.5,159.5,0,0,0,0,52.5,40.0,159.0,213.7028,253.69427,-70.62072922853199,-71.77884040695511,264.85626
2013-04-07,168.59999,233.29999,145.59999,208.29999,133.5,178.5,152.0,172.59999,0,0,0,0,52.5,40.0,159.0,210.0528,248.84793,-70.62072922853199,-71.77884040695511,263.15027
2013-04-08,167.7,232.59999,145.59999,208.0,129.59999,175.2,138.7,162.09999,0,0,0,0,52.5,40.0,159.0,,,-70.62072922853199,-71.77884040695511,263.38007
2013-04-09,169.09999,232.2,148.09999,207.7,137.8,182.7,154.4,179.9,0,0,0,0,52.5,40.0,159.0,209.49736,249.28738,-70.62072922853199,-71.77884040695511,272.12576
2013-04-10,169.5,231.2,149.0,207.79999,141.2,184.2,168.59999,190.3,0,0,0,0,52.5,40.0,159.0,,,-70.62072922853199,-71.77884040695511,270.90524
2013-04-11,168.4,231.0,152.0,208.9,153.2,191.8,186.9,204.4,0,0,0,0,52.5,40.0,159.0,212.78116,250.25787,-70.62072922853199,-71.77884040695511,268.494
2013-04-12,166.9,230.09999,146.8,206.2,139.8,184.9,163.9,188.8,0,0,0,0,52.5,40.0,159.0,209.71098,250.65462,-70.62072922853199,-71.77884040695511,271.37903
2013-04-13,166.59999,229.4,146.7,205.4,138.09999,181.8,161.5,186.5,0,0,0,0,52.5,40.0,159.0,207.45262,246.68721,-70.62072922853199,-71.77884040695511,266.97675
2013-04-14,170.3,234.0,169.5,226.79999,202.59999,247.4,236.09999,258.0,1,1,1,0,52.5,40.0,159.0,208.99686,247.13889,-70.62072922853199,-71.77884040695511,270.52158
2013-04-15,165.5,228.09999,148.0,206.79999,141.2,188.3,169.0,197.3,0,0,0,0,52.5,40.0,159.0,,,-70.62072922853199,-71.77884040695511,268.53043
2013-04-16,163.2,226.79999,143.8,203.4,133.9,183.3,157.7,189.09999,0,0,0,0,52.5,40.0,159.0,210.0589,247.9873,-70.62072922853199,-71.77884040695511,263.94583
2013-04-17,163.7,227.2,149.09999,206.59999,148.7,191.5,178.7,204.2,0,0,0,0,52.5,40.0,159.0,207.15353,247.77979,-70.62072922853199,-71.77884040695511,269.2264
2013-04-18,160.5,225.9,143.09999,204.2,136.4,188.7,163.2,198.0,0,0,0,0,52.5,40.0,159.0,204.6327,247.95679,-70.62072922853199,-71.77884040695511,268.0191
2013-04-19,160.7,225.5,142.8,203.4,137.5,188.0,163.4,197.9,0,0,0,0,52.5,40.0,159.0,205.9389,245.04532,-70.62072922853199,-71.77884040695511,269.4923
2013-04-20,161.7,225.09999,145.7,203.9,142.4,190.8,173.2,203.9,0,0,0,0,52.5,40.0,159.0,203.82092,244.80118,-70.62072922853199,-71.77884040695511,270.2035
2013-04-21,161.3,224.2,144.2,202.59999,138.8,186.4,165.7,196.3,0,0,0,0,52.5,40.0,159.0,,,-70.62072922853199,-71.77884040695511,268.8787
2013-04-22,161.59999,223.79999,144.5,201.5,138.4,185.7,164.0,194.8,0,0,0,0,52.5,40.0,159.0,208.0813,245.36272,-70.62072922853199,-71.77884040695511,263.79346
2013-04-23,158.7,224.09999,142.5,202.9,137.4,188.3,163.2,200.4,0,0,0,0,52.5,40.0,159.0,204.20544,245.74725,-70.62072922853199,-71.77884040695511,268.826
2013-04-24,158.0,224.2,142.7,205.2,141.7,194.4,173.9,208.9,0,0,0,0,52.5,40.0,159.0,207.57469,247.52953,-70.62072922853199,-71.77884040695511,269.40543
2013-04-25,156.09999,223.5,138.2,202.09999,133.7,188.3,162.2,196.09999,0,0,0,0,52.5,40.0,159.0,202.11188,242.12775,-70.62072922853199,-71.77884040695511,264.50006
2013-04-26,155.8,222.9,138.0,202.4,134.59999,189.09999,161.8,196.8,0,0,0,0,52.5,40.0,159.0,,,-70.62072922853199,-71.77884040695511,264.78632
2013-04-27,155.8,222.2,139.09999,202.2,135.3,189.5,164.9,199.09999,0,0,0,0,52.5,40.0,159.0,204.38857,243.73914,-70.62072922853199,-71.77884040695511,269.52954
2013-04-28,156.0,222.59999,139.5,202.7,143.5,194.9,183.4,212.4,0,0,0,0,52.5,40.0,159.0,,,-70.62072922853199,-71.77884040695511,269.10886
2013-04-29,156.59999,221.59999,139.5,201.2,136.09999,187.2,164.5,196.09999,0,0,0,0,52.5,40.0,159.0,202.91757,244.39223,-70.62072922853199,-71.77884040695511,269.16403
2013-04-30,158.3,221.09999,143.5,202.0,148.09999,194.2,186.59999,212.09999,0,0,0,0,52.5,40.0,159.0,204.06506,244.47157,-70.62072922853199,-71.77884040695511,267.38507
2013-05-01,158.59999,220.5,143.59999,201.5,142.9,190.4,176.7,205.9,0,0,0,0,52.5,40.0,159.0,,,-70.62072922853199,-71.77884040695511,265.3814
2013-05-02,156.5,219.4,139.7,199.5,136.2,187.9,163.8,200.5,0,0,0,0,52.5,40.0,159.0,204.33363,240.52248,-70.62072922853199,-71.77884040695511,262.0941
2013-05-03,158.4,219.5,144.09999,201.3,144.59999,191.8,181.7,208.7,0,0,0,0,52.5,40.0,159.0,,,-70.62072922853199,-71.77884040695511,258.27194
2013-05-04,157.9,218.9,141.4,199.0,135.2,186.09999,164.4,198.2,0,0,0,0,52.5,40.0,159.0,206.21356,241.2305,-70.62072922853199,-71.77884040695511,255.12384
2013-05-05,155.0,218.4,139.59999,198.7,134.5,184.9,161.59999,196.9,0,0,0,0,52.5,40.0,159.0,202.74055,242.92123,-70.62072922853199,-71.77884040695511,257.62653
2013-05-06,154.0,218.0,139.3,197.9,132.7,183.59999,158.4,194.2,0,0,0,0,52.5,40.0,159.0,199.1943,243.2142,-70.62072922853199,-71.77884040695511,251.76826
2013-05-07,154.8,217.7,139.4,197.9,135.5,184.8,163.59999,195.2,0,0,0,0,52.5,40.0,159.0,202.66731,241.62724,-70.62072922853199,-71.77884040695511,246.42249
2013-05-08,154.09999,217.5,138.7,196.9,133.0,182.4,156.0,191.0,0,0,0,0,52.5,40.0,159.0,195.91663,242.07281,-70.62072922853199,-71.77884040695511,245.89548
2013-05-09,153.9,216.79999,137.4,196.3,131.8,181.2,155.59999,189.8,0,0,0,0,52.5,40.0,159.0,,,-70.62072922853199,-71.77884040695511,245.96732
2013-05-10,154.09999,216.7,139.4,196.7,134.5,182.4,159.09999,191.4,0,0,0,0,52.5,40.0,159.0,199.81079,241.24881,-70.62072922853199,-71.77884040695511,249.2886
2013-05-11,,,,,,,,,-10,-10,-10,-10,52.5,40.0,159.0,196.60023,237.69647,-70.62072922853199,-71.77884040695511,253.21039
2013-05-12,,,,,,,,,-10,-10,-10,-10,52.5,40.0,159.0,200.43947,242.18268,-70.62072922853199,-71.77884040695511,255.24783
2013-05-13,,,,,,,,,-10,-10,-10,-10,52.5,40.0,159.0,198.24213,238.9172,-70.62072922853199,-71.77884040695511,254.68057
2013-05-14,153.7,214.59999,139.9,195.3,140.9,185.09999,166.5,196.59999,0,0,0,-10,52.5,40.0,159.0,,,-70.62072922853199,-71.77884040695511,251.7108
2013-05-15,150.4,217.09999,135.5,200.59999,140.0,198.2,189.59999,216.2,0,0,0,0,52.5,40.0,159.0,198.17499,241.5418,-70.62072922853199,-71.77884040695511,263.43478
2013-05-16,142.3,216.9,128.0,200.59999,138.3,191.59999,168.3,196.2,0,0,0,0,52.5,40.0,159.0,,,-70.62072922853199,-71.77884040695511,268.77396
2013-05-17,145.2,216.4,127.899994,200.4,140.8,191.5,171.3,197.7,0,0,0,0,52.5,40.0,159.0,201.58696,242.94565,-70.62072922853199,-71.77884040695511,270.70792
2013-05-18,145.0,215.59999,124.299995,199.3,138.7,190.4,165.59999,194.3,0,0,0,0,52.5,40.0,159.0,200.3174,241.85919,-70.62072922853199,-71.77884040695511,269.42505
2013-05-19,144.3,215.2,126.899994,199.59999,138.3,190.0,165.8,194.8,0,0,0,0,52.5,40.0,159.0,,,-70.62072922853199,-71.77884040695511,270.60422
2013-05-20,144.09999,215.29999,125.299995,198.8,134.59999,189.3,160.59999,191.09999,0,0,0,0,52.5,40.0,159.0,196.7162,238.63643,-70.62072922853199,-71.77884040695511,270.13925
2013-05-21,143.7,215.0,126.7,199.3,137.8,191.2,166.59999,196.8,0,0,0,0,52.5,40.0,159.0,,,-70.62072922853199,-71.77884040695511,272.0029
2013-05-22,145.0,214.59999,128.59999,198.3,134.09999,189.2,163.0,194.0,0,0,0,0,52.5,40.0,159.0,195.58702,240.81546,-70.62072922853199,-71.77884040695511,269.05167
2013-05-23,144.3,214.79999,128.2,198.8,135.59999,190.3,167.2,196.4,0,0,0,0,52.5,40.0,159.0,197.80267,242.18878,-70.62072922853199,-71.77884040695511,266.45374
2013-05-24,145.9,214.09999,130.8,198.4,137.3,189.0,167.7,194.8,0,0,0,0,52.5,40.0,159.0,198.05902,240.99857,-70.62072922853199,-71.77884040695511,264.39856
2013-05-25,143.3,213.9,127.2,198.09999,131.3,188.4,162.59999,193.2,0,0,0,0,52.5,40.0,159.0,198.352,241.59062,-70.62072922853199,-71.77884040695511,262.04462
2013-05-26,143.3,213.7,130.0,199.0,136.5,190.5,172.0,198.2,0,0,0,0,52.5,40.0,159.0,194.2381,239.93042,-70.62072922853199,-71.77884040695511,257.69202
2013-05-27,144.09999,213.79999,130.0,198.59999,137.0,191.4,170.9,200.8,0,0,0,0,52.5,40.0,159.0,197.07022,240.66896,-70.62072922853199,-71.77884040695511,262.33627
2013-05-28,141.2,213.4,129.09999,198.7,133.5,188.09999,162.2,194.09999,0,0,0,0,52.5,40.0,159.0,197.10684,239.75952,-70.62072922853199,-71.77884040695511,266.3266
2013-05-29,143.09999,213.29999,129.8,197.9,132.8,186.8,160.4,191.4,0,0,0,0,52.5,40.0,159.0,193.22488,240.03418,-70.62072922853199,-71.77884040695511,256.02725
2013-05-30,141.8,212.79999,129.5,197.7,132.4,186.0,158.59999,190.4,0,0,0,0,52.5,40.0,159.0,198.25435,238.36787,-70.62072922853199,-71.77884040695511,249.44221
2013-05-31,143.9,212.59999,131.4,197.4,132.9,186.0,158.8,189.0,0,0,0,0,52.5,40.0,159.0,193.98785,237.30582,-70.62072922853199,-71.77884040695511,242.62791
2013-06-01,141.5,211.7,128.9,196.4,131.5,183.9,155.4,185.0,0,0,0,0,52.5,40.0,159.0,,,-70.62072922853199,-71.77884040695511,238.25685
2013-06-02,141.3,211.59999,130.0,196.7,131.59999,183.2,155.59999,185.4,0,0,0,0,52.5,40.0,159.0,196.24011,237.69647,-70.62072922853199,-71.77884040695511,237.31319
2013-06-03,141.2,211.09999,128.9,195.9,133.5,185.09999,157.5,187.4,0,0,0,0,52.5,40.0,159.0,,,-70.62072922853199,-71.77884040695511,241.47856
2013-06-04,143.3,211.4,135.3,198.5,143.0,190.5,175.59999,200.9,0,0,0,0,52.5,40.0,159.0,194.79355,240.14404,-70.62072922853199,-71.77884040695511,255.46304
2013-06-05,144.0,211.4,134.0,197.5,148.4,193.59999,186.59999,208.9,0,0,0,0,52.5,40.0,159.0,193.01736,233.72296,-70.62072922853199,-71.77884040695511,255.89677
2013-06-06,141.59999,210.7,131.4,196.59999,139.5,188.09999,165.9,195.3,0,0,0,0,52.5,40.0,159.0,,,-70.62072922853199,-71.77884040695511,264.5419
2013-06-07,143.8,211.2,133.3,196.7,140.7,188.8,171.0,198.3,0,0,0,0,52.5,40.0,159.0,194.40291,237.78192,-70.62072922853199,-71.77884040695511,263.56772
2013-06-08,142.9,210.09999,132.5,196.0,139.8,188.2,167.8,197.4,0,0,0,0,52.5,40.0,159.0,,,-70.62072922853199,-71.77884040695511,264.1887
2013-06-09,144.9,210.59999,135.2,196.9,142.4,189.4,172.2,200.0,0,0,0,0,52.5,40.0,159.0,194.82407,232.99661,-70.62072922853199,-71.77884040695511,258.80444
2013-06-10,143.7,210.7,134.9,197.59999,143.8,190.7,174.7,201.59999,0,0,0,0,52.5,40.0,159.0,196.41103,234.98642,-70.62072922853199,-71.77884040695511,252.92873
2013-06-11,142.59999,209.59999,134.2,196.5,140.3,188.4,168.0,198.09999,0,0,0,0,52.5,40.0,159.0,198.46187,237.54387,-70.62072922853199,-71.77884040695511,259.71014
2013-06-12,143.5,210.2,134.09999,196.5,141.9,189.59999,170.2,198.7,0,0,0,0,52.5,40.0,159.0,195.2208,239.0759,-70.62072922853199,-71.77884040695511,258.86392
2013-06-13,142.2,209.29999,132.7,195.9,139.4,188.0,168.0,197.4,0,0,0,0,52.5,40.0,159.0,193.8902,238.2641,-70.62072922853199,-71.77884040695511,257.7956
2013-06-14,143.5,209.7,133.09999,196.2,140.2,188.59999,166.7,197.7,0,0,0,0,52.5,40.0,159.0,195.98987,237.37297,-70.62072922853199,-71.77884040695511,262.11612
2013-06-15,141.9,209.0,132.0,196.0,139.09999,189.3,166.4,198.9,0,0,0,0,52.5,40.0,159.0,194.99496,234.73618,-70.62072922853199,-71.77884040695511,260.50052
2013-06-16,144.3,209.2,133.59999,195.8,139.4,188.5,165.59999,196.9,0,0,0,0,52.5,40.0,159.0,197.2045,235.96912,-70.62072922853199,-71.77884040695511,259.27707
2013-06-17,142.59999,208.9,132.9,196.0,139.9,189.09999,165.9,198.3,0,0,0,0,52.5,40.0,159.0,196.41103,237.48283,-70.62072922853199,-71.77884040695511,260.21558
2013-06-18,142.9,209.29999,134.0,196.59999,140.59999,189.59999,167.09999,199.8,0,0,0,0,52.5,40.0,159.0,193.84137,235.00473,-70.62072922853199,-71.77884040695511,260.57623
2013-06-19,142.7,209.0,132.2,195.7,138.8,188.5,163.59999,197.2,0,0,0,0,52.5,40.0,159.0,,,-70.62072922853199,-71.77884040695511,257.77576
2013-06-20,142.59999,208.29999,134.0,196.2,138.5,188.0,163.59999,197.09999,0,0,0,0,52.5,40.0,159.0,195.233,238.04437,-70.62072922853199,-71.77884040695511,256.31342
2013-06-21,142.9,208.09999,132.2,195.0,137.5,187.4,162.09999,194.8,0,0,0,0,52.5,40.0,159.0,,,-70.62072922853199,-71.77884040695511,253.7964
2013-06-22,141.59999,207.79999,131.59999,195.2,137.5,187.5,161.0,194.0,0,0,0,0,52.5,40.0,159.0,195.58092,237.97113,-70.62072922853199,-71.77884040695511,251.5709
2013-06-23,143.09999,207.9,132.3,194.59999,137.5,187.3,160.7,193.3,0,0,0,0,52.5,40.0,159.0,190.25848,232.4717,-70.62072922853199,-71.77884040695511,250.78482
2013-06-24,141.7,207.7,131.5,194.9,136.9,186.3,159.9,192.9,0,0,0,0,52.5,40.0,159.0,,,-70.62072922853199,-71.77884040695511,249.48413
2013-06-25,143.8,208.0,133.7,195.2,139.3,187.5,166.7,195.59999,0,0,0,0,52.5,40.0,159.0,193.51176,238.4228,-70.62072922853199,-71.77884040695511,249.14816
2013-06-26,142.7,207.7,132.3,194.3,138.9,186.8,163.59999,194.0,0,0,0,0,52.5,40.0,159.0,,,-70.62072922853199,-71.77884040695511,249.58035
2013-06-27,142.5,207.29999,134.09999,195.09999,138.7,185.7,163.3,193.09999,0,0,0,0,52.5,40.0,159.0,193.33476,234.34554,-70.62072922853199,-71.77884040695511,249.59781
2013-06-28,143.09999,207.5,132.8,194.8,140.2,187.7,165.3,195.8,0,0,0,0,52.5,40.0,159.0,190.97873,235.37096,-70.62072922853199,-71.77884040695511,251.72148
2013-06-29,141.9,206.79999,131.4,194.3,138.5,187.2,164.4,196.09999,0,0,0,0,52.5,40.0,159.0,192.66335,238.01996,-70.62072922853199,-71.77884040695511,255.65106
2013-06-30,144.09999,208.09999,135.2,196.0,143.0,189.7,171.09999,199.9,0,0,0,0,52.5,40.0,159.0,192.30324,236.24377,-70.62072922853199,-71.77884040695511,260.5872
2013-07-01,144.0,207.9,137.3,196.8,152.59999,195.59999,186.3,210.4,0,0,0,0,52.5,40.0,159.0,191.29002,237.12271,-70.62072922853199,-71.77884040695511,261.02234
2013-07-02,143.7,207.59999,134.7,195.4,142.7,189.09999,170.4,200.8,0,0,0,0,52.5,40.0,159.0,191.4121,238.38008,-70.62072922853199,-71.77884040695511,267.1914
2013-07-03,142.9,207.9,135.3,196.4,149.3,194.09999,180.59999,208.4,0,0,0,0,52.5,40.0,159.0,191.44261,235.82874,-70.62072922853199,-71.77884040695511,263.65054
2013-07-04,142.59999,207.9,134.9,196.4,145.5,191.59999,173.3,203.5,0,0,0,0,52.5,40.0,159.0,193.0784,237.0983,-70.62072922853199,-71.77884040695511,263.9486
2013-07-05,143.2,207.4,135.5,196.0,148.4,192.4,179.59999,206.09999,0,0,0,0,52.5,40.0,159.0,192.54128,236.55507,-70.62072922853199,-71.77884040695511,267.12582
2013-07-06,142.9,207.29999,136.59999,196.8,144.09999,192.3,173.7,206.5,0,0,0,0,52.5,40.0,159.0,193.05399,236.54897,-70.62072922853199,-71.77884040695511,265.57047
2013-07-07,143.9,207.2,135.7,196.09999,144.7,192.9,173.3,205.9,0,0,0,0,52.5,40.0,159.0,,,-70.62072922853199,-71.77884040695511,260.47208
2013-07-08,144.5,207.2,137.4,196.7,148.09999,193.5,179.09999,208.79999,0,0,0,0,52.5,40.0,159.0,194.81796,235.56017,-70.62072922853199,-71.77884040695511,256.7347
2013-07-09,145.2,206.79999,135.3,195.09999,143.3,189.8,169.9,202.4,0,0,0,0,52.5,40.0,159.0,,,-70.62072922853199,-71.77884040695511,250.5849
2013-07-10,142.8,206.4,133.3,194.7,141.2,188.8,165.8,199.59999,0,0,0,0,52.5,40.0,159.0,193.99396,236.56728,-70.62072922853199,-71.77884040695511,248.26366
2013-07-11,144.4,206.7,134.4,194.9,139.59999,188.2,164.59999,198.59999,0,0,0,0,52.5,40.0,159.0,191.5891,230.58565,-70.62072922853199,-71.77884040695511,247.26845
2013-07-12,143.09999,206.59999,133.7,195.09999,142.0,189.4,169.0,200.4,0,0,0,0,52.5,40.0,159.0,,,-70.62072922853199,-71.77884040695511,248.5494
2013-07-13,142.7,206.2,134.3,195.2,140.5,188.3,167.59999,199.09999,0,0,0,0,52.5,40.0,159.0,194.83017,236.18274,-70.62072922853199,-71.77884040695511,244.57074
2013-07-14,143.0,206.0,133.5,194.5,140.0,188.4,166.59999,197.7,0,0,0,0,52.5,40.0,159.0,,,-70.62072922853199,-71.77884040695511,245.38689
2013-07-15,141.5,205.5,132.7,194.59999,139.5,187.5,166.3,197.3,0,0,0,0,52.5,40.0,159.0,190.65523,234.07086,-70.62072922853199,-71.77884040695511,245.18005
2013-07-16,142.7,206.0,132.8,194.0,139.09999,186.8,165.7,195.5,0,0,0,0,52.5,40.0,159.0,192.00415,232.53883,-70.62072922853199,-71.77884040695511,238.7084
2013-07-17,142.4,205.9,133.8,194.59999,142.7,188.59999,170.4,199.8,0,0,0,0,52.5,40.0,159.0,187.01132,235.85315,-70.62072922853199,-71.77884040695511,253.88751
2013-07-18,143.5,206.0,133.9,194.2,141.59999,188.5,168.9,199.2,0,0,0,0,52.5,40.0,159.0,192.65724,235.52354,-70.62072922853199,-71.77884040695511,251.04349
2013-07-19,142.0,205.9,133.09999,194.5,141.8,188.5,168.0,198.9,0,0,0,0,52.5,40.0,159.0,189.63591,235.6334,-70.62072922853199,-71.77884040695511,247.66702
2013-07-20,143.59999,207.2,136.8,196.7,151.4,195.3,181.09999,209.09999,0,0,0,0,52.5,40.0,159.0,187.67052,233.88776,-70.62072922853199,-71.77884040695511,259.62024
2013-07-21,144.0,207.7,137.9,197.8,151.8,196.5,186.5,214.0,0,0,0,0,52.5,40.0,159.0,189.9472,237.65984,-70.62072922853199,-71.77884040695511,271.22467
2013-07-22,142.9,206.09999,137.3,196.5,149.3,193.59999,181.8,210.09999,0,0,0,0,52.5,40.0,159.0,188.89127,234.93149,-70.62072922853199,-71.77884040695511,263.9316
2013-07-23,144.4,207.29999,137.3,197.0,151.2,195.59999,185.4,213.7,0,0,0,0,52.5,40.0,159.0,188.7875,234.74838,-70.62072922853199,-71.77884040695511,266.25052
2013-07-24,142.59999,206.79999,136.8,197.09999,148.8,194.59999,182.3,212.2,0,0,0,0,52.5,40.0,159.0,187.80481,233.84503,-70.62072922853199,-71.77884040695511,261.93582
2013-07-25,143.3,206.79999,136.2,196.3,146.59999,193.0,178.5,208.79999,0,0,0,0,52.5,40.0,159.0,,,-70.62072922853199,-71.77884040695511,252.87413
2013-07-26,143.5,207.0,137.8,197.2,150.8,195.3,186.7,212.29999,0,0,0,0,52.5,40.0,159.0,191.32054,236.4391,-70.62072922853199,-71.77884040695511,248.6097
2013-07-27,144.4,206.5,137.3,196.0,147.8,192.0,182.9,207.59999,0,0,0,0,52.5,40.0,159.0,,,-70.62072922853199,-71.77884040695511,244.8651
2013-07-28,142.9,206.09999,135.5,195.09999,145.9,190.09999,178.09999,203.9,0,0,0,0,52.5,40.0,159.0,187.82312,236.58559,-70.62072922853199,-71.77884040695511,243.59814
2013-07-29,142.9,205.79999,137.5,196.0,149.7,192.4,184.4,207.2,0,0,0,0,52.5,40.0,159.0,191.54637,237.61711,-70.62072922853199,-71.77884040695511,243.07657
2013-07-30,144.09999,205.9,136.9,195.09999,146.59999,191.09999,177.3,205.5,0,0,0,0,52.5,40.0,159.0,,,-70.62072922853199,-71.77884040695511,248.84547
2013-07-31,142.09999,205.79999,135.2,195.8,145.0,191.7,177.09999,206.7,0,0,0,0,52.5,40.0,159.0,187.23105,233.17361,-70.62072922853199,-71.77884040695511,248.65115
2013-08-01,143.7,206.29999,136.09999,195.4,147.2,192.2,177.8,206.59999,0,0,0,0,52.5,40.0,159.0,,,-70.62072922853199,-71.77884040695511,244.8
2013-08-02,141.9,205.7,135.3,195.5,145.59999,192.0,177.2,206.0,0,0,0,0,52.5,40.0,159.0,188.40907,235.00473,-70.62072922853199,-71.77884040695511,245.51593
2013-08-03,145.5,206.2,138.5,196.4,150.7,194.9,186.09999,212.2,0,0,0,0,52.5,40.0,159.0,191.69896,237.65373,-70.62072922853199,-71.77884040695511,253.75768
2013-08-04,142.7,205.59999,136.4,196.0,147.0,193.09999,179.9,208.9,0,0,0,0,52.5,40.0,159.0,186.70003,233.9671,-70.62072922853199,-71.77884040695511,254.794
2013-08-05,144.09999,206.4,139.09999,196.7,152.9,195.09999,188.4,213.9,0,0,0,0,52.5,40.0,159.0,188.65321,234.73007,-70.62072922853199,-71.77884040695511,255.43057
2013-08-06,144.09999,206.2,137.8,195.9,149.09999,193.9,182.7,210.09999,0,0,0,0,52.5,40.0,159.0,,,-70.62072922853199,-71.77884040695511,255.66278
2013-08-07,142.7,205.5,138.3,196.8,148.8,193.5,183.09999,211.5,0,0,0,0,52.5,40.0,159.0,186.40096,232.61208,-70.62072922853199,-71.77884040695511,261.75143
2013-08-08,143.5,206.29999,136.8,196.4,148.9,194.5,183.0,211.5,0,0,0,0,52.5,40.0,159.0,190.4294,236.7565,-70.62072922853199,-71.77884040695511,256.82672
2013-08-09,142.8,205.9,136.9,196.09999,148.2,193.59999,182.09999,210.79999,0,0,0,0,52.5,40.0,159.0,189.99603,236.97623,-70.62072922853199,-71.77884040695511,256.9903
2013-08-10,144.0,205.7,136.8,195.59999,146.8,192.0,178.59999,207.29999,0,0,0,0,52.5,40.0,159.0,186.82211,234.6446,-70.62072922853199,-71.77884040695511,248.81291
2013-08-11,142.09999,205.29999,136.3,195.9,148.3,193.8,180.9,209.29999,0,0,0,0,52.5,40.0,159.0,186.07745,233.68633,-70.62072922853199,-71.77884040695511,252.03867
2013-08-12,144.09999,205.79999,137.9,196.0,149.4,193.9,182.4,210.4,0,0,0,0,52.5,40.0,159.0,,,-70.62072922853199,-71.77884040695511,254.93454
2013-08-13,143.2,205.7,136.8,195.9,148.7,194.4,182.2,209.7,0,0,0,0,52.5,40.0,159.0,188.1283,234.83383,-70.62072922853199,-71.77884040695511,252.8662
2013-08-14,142.9,205.4,137.3,195.8,147.4,192.4,179.7,208.0,0,0,0,0,52.5,40.0,159.0,187.89636,233.68633,-70.62072922853199,-71.77884040695511,250.97554
2013-08-15,143.09999,205.59999,136.09999,195.59999,148.09999,193.09999,180.2,208.79999,0,0,0,0,52.5,40.0,159.0,188.2809,236.23157,-70.62072922853199,-71.77884040695511,255.24353
2013-08-16,142.4,205.4,136.4,195.8,149.4,193.7,181.8,208.9,0,0,0,0,52.5,40.0,159.0,190.24628,234.91928,-70.62072922853199,-71.77884040695511,257.2152
2013-08-17,143.4,205.4,136.59999,195.4,149.5,192.7,181.09999,208.2,0,0,0,0,52.5,40.0,159.0,,,-70.62072922853199,-71.77884040695511,257.83316
2013-08-18,142.2,205.29999,136.3,195.8,148.7,192.9,181.5,208.59999,0,0,0,0,52.5,40.0,159.0,184.88113,234.84604,-70.62072922853199,-71.77884040695511,256.67987
2013-08-19,144.5,205.9,138.8,196.2,153.9,195.7,188.59999,212.5,0,0,0,0,52.5,40.0,159.0,,,-70.62072922853199,-71.77884040695511,257.15808
2013-08-20,142.4,205.2,136.5,195.3,148.09999,192.4,181.3,207.29999,0,0,0,0,52.5,40.0,159.0,187.42638,235.68834,-70.62072922853199,-71.77884040695511,252.9317
2013-08-21,143.8,205.9,138.5,196.4,150.8,193.4,186.59999,210.7,0,0,0,0,52.5,40.0,159.0,191.89429,237.50725,-70.62072922853199,-71.77884040695511,249.99513
2013-08-22,144.5,205.5,140.0,196.4,158.2,198.09999,195.3,216.5,0,0,0,0,52.5,40.0,159.0,186.87704,236.15833,-70.62072922853199,-71.77884040695511,255.0721
2013-08-23,144.3,206.5,142.4,200.4,162.59999,205.9,206.7,227.7,0,0,0,0,52.5,40.0,159.0,191.69896,235.63951,-70.62072922853199,-71.77884040695511,265.55988
2013-08-24,144.3,207.29999,139.3,199.59999,154.9,203.3,196.2,224.2,0,0,0,0,52.5,40.0,159.0,,,-70.62072922853199,-71.77884040695511,269.81744
2013-08-25,142.09999,206.79999,137.0,199.2,153.9,203.7,193.7,224.4,0,0,0,0,52.5,40.0,159.0,189.47722,235.21835,-70.62072922853199,-71.77884040695511,270.61337
2013-08-26,144.4,207.2,136.9,198.0,146.4,199.2,180.59999,216.4,0,0,0,0,52.5,40.0,159.0,190.67354,236.2804,-70.62072922853199,-71.77884040695511,269.8761
2013-08-27,142.2,206.29999,135.59999,198.4,147.9,200.59999,183.3,218.5,0,0,0,0,52.5,40.0,159.0,192.36427,236.57338,-70.62072922853199,-71.77884040695511,268.61935
2013-08-28,145.4,206.2,138.7,197.7,148.2,198.8,184.2,216.79999,0,0,0,0,52.5,40.0,159.0,189.39177,235.85925,-70.62072922853199,-71.77884040695511,265.79456
2013-08-29,143.0,205.79999,137.3,198.09999,147.5,199.5,183.3,217.59999,0,0,0,0,52.5,40.0,159.0,190.09369,235.1329,-70.62072922853199,-71.77884040695511,262.02054
2013-08-30,143.09999,205.5,137.2,197.7,144.5,197.09999,179.5,213.5,0,0,0,0,52.5,40.0,159.0,,,-70.62072922853199,-71.77884040695511,254.90024
2013-08-31,143.4,206.4,135.9,197.7,142.9,198.7,179.59999,215.0,0,0,0,0,52.5,40.0,159.0,191.6074,236.2865,-70.62072922853199,-71.77884040695511,253.67067
2013-09-01,142.8,205.79999,137.0,197.9,145.8,199.8,184.5,217.7,0,0,0,0,52.5,40.0,159.0,191.72948,234.11969,-70.62072922853199,-71.77884040695511,258.8353
