site,twc,06H,06V,10H,10V,19H,19V,37H,37V
aws11,0.0,199.24363234308564,230.59628440875522,209.0047751147981,239.57642590308237,218.28881690650311,246.60750276587973,215.33984116192798,239.72176367611044
aws11,0.01,200.34262000801255,231.5198635794175,210.38837329125974,240.61662151188398,219.87928413502283,247.82368162641413,219.41288740272225,243.9192087308985
aws11,0.02,201.37397864982503,232.26851181822963,211.57450649260628,241.383727388215,220.66056210480903,248.17053544623838,220.5252983892356,244.92144876650696
aws11,0.03,202.36496164962819,232.99614686181928,212.69180073979643,242.12147226430758,221.6666051791082,248.81878091747063,221.9563102796064,246.29055508922463
aws11,0.04,203.31756293334135,233.70335828773025,213.32977948306055,242.37439363832112,222.60653602663368,249.44607398377963,223.26997791808282,247.55505991983603
aws11,0.05,204.0903797999274,234.23157934837693,214.33713153222328,243.07135295990074,223.48559243046503,250.05224459542796,224.47852866001008,248.72575794422133
aws11,0.06,204.97437086810908,234.90279103480094,215.2889354143444,243.741982745595,224.30847199128218,250.63732570689734,225.5922705381101,249.81157860793454
aws11,0.07,205.8250304170721,235.55523578999666,216.1888415828553,244.3873259302151,224.80841667274052,250.90806551930046,226.6200749938988,250.8201129664119
aws11,0.08,206.6438415527306,236.18946927197538,217.04018534572032,245.0083932844922,225.54355236729884,251.46513849039874,227.56969364252336,251.75794848384137
aws11,0.09,207.43220041506686,236.80603770911713,217.8460307974076,245.60616401111255,226.23354493272618,252.0013792605983,228.44797509627156,252.6308897085809
aws11,0.1,208.19142477347748,237.4054768404748,218.6092039338788,246.18158523716303,226.88160683584385,252.51725365153152,229.26101967453232,253.44410928896616
aws11,0.11,208.78647536232972,237.8369031874629,219.33231876574774,246.73557132611927,227.49067627931785,253.0132715899457,230.0142942456711,254.2022553233299
aws11,0.12,209.49375826131282,238.4066034274279,220.01779865031324,247.26900337599403,228.06344544864933,253.48997387501552,230.71272060583098,254.90953057422686
aws11,0.13,210.1753986042743,238.96064970855025,220.66789420233832,247.78272902110055,228.34405941297223,253.66879305407122,231.3607456707257,255.56975301906948
aws11,0.14,210.8324609650608,239.49952939299783,221.28469865411253,248.2775625454521,228.86315523257642,254.12143906646966,231.96239872029267,256.1864036355669
aws11,0.15,211.46595732374013,240.023716565214,221.87016124465868,248.7542852713862,229.3522478105056,254.555891348204,232.52133910353425,256.7626651748909
aws11,0.16,212.07685041646448,240.5336718838806,222.42609903863408,249.21364617284158,229.813286753521,254.9727592715692,233.04089668307716,257.30145436562424
aws11,0.17,212.52073675651917,240.8684570168701,222.55785364814705,249.22264934188806,230.24807191593683,255.37264946891568,232.99152521855882,257.2349329131645
aws11,0.18,213.09193157687568,241.3544047757884,223.07205042694298,249.66309854441303,230.41257702426594,255.491134793117,233.47070235971688,257.738845045283
aws11,0.19,213.6430857270078,241.8273564633078,223.56108401848982,250.08780325585818,230.81083601647308,255.87107239827495,233.91717905856189,258.21085312020375
aws11,0.2,214.17499382487523,242.28772063681845,224.02635065631276,250.4974057170779,231.18696129703068,256.23524042146886,234.33336697416937,258.65315404672094
aws11,0.28,217.69510112524063,245.4220879043636,227.03376776623642,253.29895450929348,233.1261936537691,258.20251453152497,236.80376428685597,261.33657809440126
aws11,0.36,220.21352508821076,247.80565916547872,228.79627214194235,255.1015923304742,234.57563393405493,259.84421355742523,237.76593691811914,262.46623279344954
aws11,0.44,222.1196659196578,250.01527851237014,229.96231370758548,256.4502024349311,235.36325208529288,260.85331674472997,238.64336076304818,263.52244459334105
aws11,0.52,223.6681769881391,251.7700667356514,230.9546286780135,257.9106098374665,235.86548422831586,261.5846154389873,239.09866196632018,264.13246220569886
aws11,0.6000000000000001,224.8545908123276,253.2245051639785,231.46039410211594,258.7333560234723,236.1927163398952,262.136440662213,239.18253394988633,264.35002496008616
aws11,0.6799999999999999,225.7752629543119,254.45691048703932,231.77241547516672,259.36238391683275,236.42238405268017,262.5838660249118,239.38162160193494,264.68533668556415
aws11,0.76,226.47345445234808,255.49414941692018,231.963955719986,259.8708367642551,236.5734437828247,262.9457204583158,239.29066032737708,264.71953859527815
aws11,0.8400000000000001,227.0106246453592,256.3891312367527,232.36688905391154,260.60833807726584,236.56440528795827,263.2759070851216,239.39734537379528,264.95232720004
aws11,0.9199999999999999,227.40389257540087,257.1503794726406,232.39107926020716,260.9405423459804,236.62937259534317,263.55284084928047,239.271581546621,264.9569927982332
aws11,1.0,227.69594059852741,257.81747414040734,232.37837614740434,261.23099353924,236.51973465583654,263.6376162639493,239.19417294892548,264.99443045221074
aws11,1.4,228.02456787135222,260.2234764496263,232.1515954012868,262.4629197986415,236.40577813423644,264.4755164748402,239.39116455996708,265.86355871379664
aws11,1.8,227.5860772618494,261.63806241145403,231.43310307978163,263.26142008814196,236.2630103869542,265.1777008082056,239.02518545568853,266.0595285983684
aws11,2.2,226.6256868563042,262.5650110025888,231.02798375657088,264.1969732246135,235.8101034731143,265.51402441296943,238.6100311079834,266.1718500909913
aws11,2.6,225.55315225261,263.2541080349362,230.39796224998824,264.90132018498326,235.18184061718196,265.734976134895,238.2014135123542,266.2637653825143
aws11,3.0,224.41101323799393,263.73482455876945,229.63824428060764,265.3168158518314,234.6531766327781,265.91290685186897,237.80460471263,266.34247276838596
aws11,3.4000000000000004,223.11795133804804,264.03955362855885,228.69749345967344,265.5510754668289,234.1272375662154,266.045466069376,237.41869964737873,266.4085355088673
aws11,3.8000000000000003,221.96324130612103,264.44451708448247,227.7871278381082,265.6953456849625,233.51050232253039,266.12044742173777,236.96337005687056,266.4541779145247
aws11,4.2,220.97529695245217,264.9005511637002,226.78550588087813,265.7401848500182,232.9658900822792,266.1653026659074,236.57301733307693,266.49208346233627
aws11,4.6,219.81604359004976,265.13495457051914,225.79271846341877,265.721310664764,232.4212459153753,266.1697657471525,236.20033869884213,266.5168496584547
aws11,5.0,218.59010639670956,265.2255087164288,224.81102615981155,265.6489975678601,231.80022700166515,266.12021434982233,235.83603461652842,266.5275131603377
aws11,6.666666666666667,213.25286926394824,264.6983420090195,220.61197512986806,264.8006619381015,229.33656049405894,265.5643150876078,234.27142453082408,266.40209509164094
aws11,8.333333333333334,205.80637282913744,263.94061573734797,215.91902324351372,262.7622553726742,226.09706904292423,263.83871073421125,232.72053932626562,266.0202406760323
aws11,10.0,200.21915546625644,262.21516142899554,208.71243100528835,261.93518387339964,223.42902475311183,262.38746418212287,231.14630994492595,265.39824858287216
aws11,11.666666666666668,195.2672172614124,260.5105826410764,204.6152794044436,260.329974382146,220.69141361247378,260.6270972186073,228.8933189779728,263.88696013713684
aws11,13.333333333333334,190.38928576460694,258.23667546104963,200.07245661347363,258.07575667383065,217.9834999401315,258.6731957882495,227.2393149800547,262.8834883878802
aws11,15.0,186.05514378391365,256.6959002217062,196.46047422325537,256.0357618646039,211.02069703527104,258.0625932743756,225.56870305217228,261.7272150124221
aws11,16.666666666666668,181.74622742205028,253.9999885623312,192.4166401017958,253.61681543716153,208.30221509915003,256.357922773808,223.840578599917,260.4256549867133
aws11,18.333333333333336,177.73422691351774,251.48974932317458,188.8652001297544,251.74828894905832,204.94781473318412,254.1983004595623,222.10991166672048,259.02027126975645
aws11,20.0,174.01386433853818,249.96879098423312,185.39550633153564,248.93584880951065,201.92574713753277,251.72483929279886,220.38853497966647,257.5337963050983
aws5,0.0,185.5578190098061,222.91004340639097,189.9711934725825,225.70402612063415,190.76338876237855,223.16988226180203,198.0797420947211,228.04764018581366
aws5,0.01,186.73423586886742,224.00322340195333,192.18320717021086,227.83825691752315,194.75402038774862,227.35929810265708,204.73531451905023,235.47754050268196
aws5,0.02,187.99865875617937,225.045635766253,193.9673024682832,229.37036683499238,197.2563277661488,229.7970440164161,206.912902199252,237.79179401920638
aws5,0.03,189.2121292100959,226.05345241295052,195.64393149274514,230.821075250686,199.28706261243823,231.74679922747129,208.88436417963774,239.88991164918042
aws5,0.04,190.37710832245918,227.02793137463593,197.22055394202658,232.19546957536096,201.40129615821957,233.82355234644805,210.67421204848372,241.7982992136009
aws5,0.05,191.49586691798905,227.97028990913142,198.70397134985444,233.49823707839658,203.34424627843276,235.74012230261874,212.30264948310125,243.5383746350749
aws5,0.06,192.57052205619584,228.88170442784408,200.100418299634,234.73371535199524,205.13212511632156,237.51159223475858,213.78679967914474,245.12809351520457
aws5,0.07,193.6030603690045,229.76331071693178,201.4156319176305,235.9059302995119,206.77918732843128,239.1511157814146,215.14143609408302,246.5828361392378
aws5,0.08,194.5953540719009,230.6162043656545,202.17608874278392,236.4768886807323,208.03059314217623,240.37337098553846,216.37945538810882,247.91596601642686
aws5,0.09,195.54917267634121,231.4414413659922,203.359769699919,237.55127786406487,209.4449671035922,241.79649100757547,217.51220720526908,249.13920870106378
aws5,0.1,196.4661920458458,232.24003885744094,204.476410397347,238.5722741369004,210.7519548271043,243.1181354739523,217.54817302151847,249.19976144150277
aws5,0.11,197.14837264310876,232.7811319321482,205.53023886688467,239.54293924878328,211.96068821434824,244.3466480695463,218.55504583683552,250.29298789413812
aws5,0.12,198.0004883732222,233.5340447562075,206.52518177591182,240.46613471060664,213.07940682153267,245.4895589933288,219.48044984428776,251.30066851581353
aws5,0.13,198.82025020103652,234.2630420774533,207.4648894680606,241.34453701328587,214.11556290497705,246.55368515244894,220.33170969657237,252.2303634074758
aws5,0.14,199.60902461642974,234.96899755841872,208.35275834637585,242.1806514152367,215.07591045989275,247.54521370324383,221.11540232110144,253.08886489984585
aws5,0.15,200.36811213797398,235.6527510494766,209.19195101652903,242.9768244959184,215.9665815715379,248.46977272263925,221.83744608687388,253.8822905997633
aws5,0.16,201.09875113778358,236.31510973631572,209.98541450600547,243.7352556257645,216.79315247697565,249.33249167349092,222.5031769067738,254.6161622393136
aws5,0.17,201.80212134886983,236.95684929618966,210.73589680656744,244.4580074722568,217.1084819123468,249.63907237223052,223.11741372304743,255.29547313520953
aws5,0.18,202.4793471032475,237.57871505194728,211.44596193952003,245.14701564126463,217.8422131950872,250.41483954546015,223.6845152403538,255.92474636175976
aws5,0.19,203.13150033677022,238.1814231149608,212.11800370878052,245.80409753806657,218.52482159127226,251.1405620456678,224.208429358346,256.5080852514892
aws5,0.2,203.7596033883522,238.76566150990152,212.75425828104775,246.43096052152245,219.16021676807108,251.81988844156015,224.69273645468044,257.0492174859754
aws5,0.28,207.84395755573073,242.637073848458,216.42926166957108,250.13820083315082,222.53035361658033,255.51227048498035,227.4761590392841,260.2090505872053
aws5,0.36,210.87563032234402,245.67725708922376,218.73842771263648,252.64373850846525,224.4449008902073,257.7424045132398,228.27399049065258,261.24595924382885
aws5,0.44,213.11638995520204,248.06423796102638,220.6556407755887,254.88605626409768,225.56192079584596,259.14821890638905,229.39224620143088,262.59105319193077
aws5,0.52,214.92253190715513,250.3137766130642,221.62334123761812,256.1620935210527,226.21266703984463,260.05798638519025,229.68615857472736,263.0498397919274
aws5,0.6000000000000001,216.16504161635092,251.88238672883,222.19589830277368,257.0470585221597,226.59097941356237,260.6711935880642,229.8217469338591,263.3269024622568
aws5,0.6799999999999999,217.07126090570512,253.13183510091395,222.83163643889668,258.17757857747506,226.81026650125392,261.10643234037525,230.2109346410545,263.8623306804117
aws5,0.76,217.95167399844317,254.40056441202347,223.03136865611918,258.7007600876859,226.92514708532934,261.4232381965374,229.72937770436656,263.46765748800294
aws5,0.8400000000000001,218.43489341887374,255.24913710939018,223.09401916968437,259.0684513621878,226.98640464200818,261.6760400130624,229.82290437073067,263.69132456571475
aws5,0.9199999999999999,218.760664830621,255.94102336283552,223.0172764231138,259.27784843709526,227.03529063479812,261.9105676926881,229.79388712643612,263.773479013778
aws5,1.0,219.1901984847656,256.7662203711718,223.07188531097995,259.6281204881522,227.0658881089691,262.1253250500584,229.85612893553096,263.95129332810507
aws5,1.4,219.27795873485897,258.7851520598499,222.80266619268653,260.7136012759833,227.02206015349063,263.0674200892943,230.1289538729224,264.77653361749117
aws5,1.8,218.8725881109157,260.10435865428985,222.0520084604417,261.3413627534348,226.83136967145782,263.64786169331626,229.6854746983873,264.90358104331665
aws5,2.2,217.7037053480186,260.59283857334884,222.02952592626235,262.52110328557177,226.3682156102904,263.8840329430798,229.26758037495213,264.96745183858616
aws5,2.6,216.61655302638076,261.06579911074385,221.38045806205417,263.03936896730363,225.766195933009,264.0103152955237,228.86990901154414,265.0188354985421
aws5,3.0,215.51258740660475,261.43268533234334,220.6595660452107,263.33614944577647,225.26502343952345,264.1192210759587,228.4916272906648,265.06256590479086
aws5,3.4000000000000004,214.68468406684616,262.0383310658595,219.79527289809621,263.4805524077194,224.7839317923057,264.1972974153851,228.1302314279002,265.0982840466881
aws5,3.8000000000000003,213.87688604781889,262.59584416332274,218.93393470506405,263.5507854986053,224.22758868086228,264.21997407133074,227.78339865467,265.12522342028427
aws5,4.2,212.90983355979043,262.9023051221151,218.11321283577232,263.5769364555146,223.75381329119642,264.23276382574716,227.36142599110605,265.1230977330041
aws5,4.6,211.83925868077074,263.03839061178195,217.24342113220513,263.5313463466597,223.2386806079565,264.19941023709384,227.0258734312595,265.1279533375061
aws5,5.0,210.74593909207863,263.0732021988244,216.38234323687877,263.44072079545157,222.75734639329224,264.14612272943515,226.70395745745867,265.12307098770503
aws5,6.666666666666667,203.76060438045465,262.2154792201518,212.8344588589299,262.63962489666585,220.7047099519024,263.59613268873784,225.36471831351878,264.9626402884815
aws5,8.333333333333334,199.11331433626646,261.5290376273048,206.08964381846116,261.36487922559587,218.5914800637107,262.5981231659155,224.0933954194634,264.5986059518825
aws5,10.0,194.4971842155548,260.4079906218275,202.51808195516892,260.25515457945767,215.75787734038713,260.51477594070195,222.839983349224,264.034492627902
aws5,11.666666666666668,189.7473908216199,258.23964039973754,198.2813298701056,258.2661754919459,210.29098325719983,260.2904934477517,221.54236539480272,263.2708184019101
aws5,13.333333333333334,185.72044498132453,257.09393799540385,195.0215941805575,256.5675492096512,207.40080000653026,258.3084976399656,219.53639791761162,261.5922037310555
aws5,15.0,181.42814662179018,254.4763674760795,191.23274591877984,254.27152525869863,205.14522568775104,257.0556124007056,218.21957318216485,260.54615520581547
aws5,16.666666666666668,177.5189702644903,251.99112662878917,187.94682227972262,252.6865988948235,202.11038008611857,255.08102894174058,216.91157521947457,259.3890638651637
aws5,18.333333333333336,174.06750080347283,250.53347824478166,184.60330087923998,249.94256398311796,199.42673997876545,252.70848941540817,215.57097934316806,258.1192431716404
aws5,20.0,170.27394696405895,248.06120557647594,181.3579979159627,247.3103136252482,197.3447455950384,251.030655656813,210.10447389249785,258.125305292352
amery,0.0,119.32609346064264,150.99423965307759,131.89303683203758,163.72533807774815,152.32410117173578,181.6990204946523,178.86580675925111,198.73026010380548
amery,0.01,124.69186782634492,155.79744954256924,139.9921168019466,170.8206294429464,162.72521358543347,190.7210378712058,189.69671857048445,208.81599777890787
amery,0.02,129.53207723417563,160.05451642745072,146.71698843566207,176.5165342007308,170.69119850981147,197.44049375024954,196.37489600309382,214.91121044922252
amery,0.03,134.12082818382834,164.0695869103437,153.08098573537552,181.93426490121004,177.82073529434706,203.41378808188878,202.23924781272143,220.23896711627046
amery,0.04,138.4781563824735,167.86801781419362,158.96869501892442,186.92546081841238,184.2313732283496,208.76096303246294,207.42100505928406,224.93313186231288
amery,0.05,142.62121685945883,171.47003090147288,164.4282269401886,191.54072838212727,189.44954376361184,212.9105017423195,212.02114966468116,229.09412112521676
amery,0.06,146.4861231692836,174.7939538712888,169.5000100036506,195.82075224001753,194.70930162680685,217.2902847505602,216.11981444532856,232.79979458408877
amery,0.07,150.24554401840592,178.05285790494736,174.21871946518525,199.79918724827627,199.4780278574114,221.26052745541315,219.78217446736477,236.11220216662548
amery,0.08,153.8306344526756,181.1582190367056,178.6145520493611,203.5044729331541,203.80892802647872,224.86876174276478,223.06229176427811,239.0819255254913
amery,0.09,157.252054361248,184.12068730705474,182.71411306761388,206.96104116295174,207.7478123300637,228.1549769031623,226.00571668158042,241.75096751146646
amery,0.1,160.4475719104888,186.8601812624301,186.54105923617607,210.1901571488348,211.33454081237883,231.1533023891641,228.65130680588098,244.15473540130222
amery,0.11,163.57137537860874,189.56609095637518,189.95004013238454,213.0081659680684,214.60408059808756,233.89320446768858,231.03253790409153,246.32344161865754
amery,0.12,166.5581013159203,192.15450456244977,193.29866266527702,215.84313438731397,217.58730453005262,236.40036252961548,233.17847549017466,248.28311993756822
amery,0.13,169.4152379834953,194.63232197212758,196.43202177064182,218.5005091795565,220.31161103598882,238.697327440514,235.11451353663747,250.05638151224454
amery,0.14,172.14971512109292,197.00584076668596,199.36584669420267,220.99364422860017,222.80141643396004,240.80402745407736,236.86294931857958,251.66299069377595
amery,0.15,174.67302081532395,199.16291207017665,202.11448584356614,223.33460743098854,225.0785536530752,242.73816489438093,238.44344011251653,253.12031317498085
amery,0.16,177.18295016709794,201.3471309432759,204.6910659133205,225.53435210078482,227.16260058366476,244.5155328424753,239.8733727192873,254.4436716912809
amery,0.17,179.58817646777595,203.44299725689044,207.10762565227398,227.6028570928431,229.07115433723675,246.15027206276793,241.1681672315375,255.64663335676696
amery,0.18,181.89392788220863,205.4550771019376,209.37522961640465,229.5492428351262,230.8200631050579,247.65508246179823,242.34153016692105,256.7412454050339
amery,0.19,184.10510251832306,207.38761775769763,211.5040658842849,231.38186852616946,232.42362418918688,249.04139936210905,243.40566785685309,257.7382312303887
amery,0.2,186.22629693382234,209.24457991851665,213.5035307439939,233.10841440419233,233.89475461977477,250.31954211588732,244.3714680883203,258.6471553221433
amery,0.28,200.24375487215775,221.55346612887826,225.7594863318078,243.84737447954396,242.0929081679178,257.60644533492166,249.53548208342784,263.60858211122815
amery,0.36,210.6431712516872,231.32468025290976,233.1678655363982,250.49651357338206,246.02406749803288,261.2277225742535,251.54931659957464,265.62565610495363
amery,0.44,218.3481856707482,238.45360369188876,237.97499970858547,255.28939904933617,248.41118133867462,263.6478105184448,252.96356176002791,267.1592569349014
amery,0.52,224.02683008756296,243.79612494353032,240.91208820645406,258.19636701678223,249.7438744314282,265.126431711802,253.70622631591243,268.04039010299084
amery,0.6000000000000001,228.33269877549108,247.96565045417165,243.0340555539612,260.45998849479616,250.2538259961094,265.7951423250706,254.09722642731478,268.5713475378525
amery,0.6799999999999999,231.59562583093685,251.22946199360513,244.25800630201954,261.8645628033683,250.68663170340275,266.55631699715576,254.0596459363954,268.66219671589664
amery,0.76,234.22215801865246,253.98779227493029,245.16717637003117,263.02213065083123,250.74760847707162,266.818050027352,254.0413541024536,268.77331365576464
amery,0.8400000000000001,236.16346728396178,256.1118144855627,245.89143125575933,264.0393338385246,250.83968160276015,267.1169630450246,254.00809614482847,268.8666743269283
amery,0.9199999999999999,237.76870944772946,257.97843829804964,246.30691460838568,264.7440503126675,250.9005843842939,267.3831813136123,254.13479608040058,269.1268922023912
amery,1.0,238.91176722682567,259.39663754887835,246.67674266773443,265.42702000257333,251.054117835077,267.7510192573145,254.00737022885386,269.1161296383214
amery,1.4,241.7980026633962,264.216713789872,247.1118041644243,267.4024155540715,250.82532788172648,268.47892885186656,253.86741676509672,269.6806905968617
amery,1.8,242.2898275173881,266.6781366737827,246.58188416837623,268.47681056072247,250.77286440011798,269.39004348026475,253.5727768150379,269.9792774029769
amery,2.2,241.75597149670824,268.22169631023684,245.90473909416366,269.2752195848064,250.42911177564812,269.98686551315404,253.19616996471171,270.17791589462536
amery,2.6,240.80567544789074,269.2534268539106,244.93910697727287,269.8672668647529,249.97483892951655,270.40871039761066,252.80647419148886,270.3465445742479
amery,3.0,239.52738902828725,269.93423832127274,244.22097224160325,270.57030308014845,249.45287273138732,270.72521087596476,252.4102661537649,270.4922942053654
amery,3.4000000000000004,238.08291969402694,270.3614730370553,243.25218012249778,270.989799136457,248.87439856983198,270.95601371654146,252.00690032687118,270.61500872396334
amery,3.8000000000000003,236.53381905967183,270.59781600770344,242.16503777599536,271.2210650164171,248.22479417440456,271.1102626872958,251.5620321355326,270.71764031000544
amery,4.2,234.94715002609902,270.74440383689114,240.98377264625205,271.3129306075944,247.5533385023038,271.1917069232794,251.13667048385713,270.79251971187733
amery,4.6,233.25519381721546,270.6757622030893,239.75322331568756,271.2961299763618,246.84400294333363,271.20661525626355,250.7045653661087,270.84236049566255
amery,5.0,231.5243466604958,270.49586000842703,238.48102580099584,271.18902589606716,246.09085206396153,271.1598677841871,250.26350860207668,270.867440496579
amery,6.666666666666667,224.83749592444744,269.8365355043636,233.00860493612694,270.0361773416741,242.66729103205745,270.36271253663654,248.29626826866416,270.7153060221363
amery,8.333333333333334,218.3933291632416,268.276789515482,227.5197156781176,268.11298009383944,239.01573470888138,268.9276480193336,246.17853692279184,270.18146052765275
amery,10.0,209.582165607391,266.8157928256518,222.1970424439913,265.7328092328336,235.22820088249412,267.00166066704304,243.76134414988616,269.1426283579423
amery,11.666666666666668,203.50126406095754,264.76374596116165,213.5891592055384,264.4087038116126,231.41805371746506,264.7548122759974,241.42888078470966,268.0174446358252
amery,13.333333333333334,197.84694327818286,262.2622242661954,208.54958655778415,261.97177581498033,227.65609570286776,262.3039280791552,239.038640728568,266.677941708048
amery,15.0,192.62535534958528,259.73798537902826,203.51641051046974,259.4423229188592,223.9940663625893,259.7338043379174,236.62061816961906,265.17229816522286
amery,16.666666666666668,187.7230104756646,257.60477207467164,199.21375258965995,256.77729447055515,220.30901803380775,256.94903934107157,234.18615041818168,263.5357753339049
amery,18.333333333333336,183.21840991197118,254.73842038936667,194.8219100956663,254.13627975543005,212.6130618062688,256.45288266528564,231.76448136432347,261.8017906260138
amery,20.0,178.99051094031805,252.08632326217162,190.48318460691672,251.54746125974964,209.1040814729029,254.1938469369738,229.0989022825486,259.72303545507884
shackleton,0.0,154.20351717063014,185.48550203010896,154.1779553006517,183.24798235037468,170.282057712255,198.84882134524355,194.714952857064,222.12612674523623
shackleton,0.01,157.58006709579303,189.01092945331442,159.94946689178013,189.3573399782643,177.46059090256227,206.44703045965892,202.21136009276992,230.2517057158746
shackleton,0.02,160.4860781632614,191.9153796226915,164.4213455549694,193.92803702804662,182.34710104088845,211.45182378381574,205.31741039403343,233.50105258527142
shackleton,0.03,163.23676805185517,194.65963297165936,168.66461007690762,198.26937460891966,186.71619798102617,215.9120529103944,208.088188569526,236.39843572599358
shackleton,0.04,165.84425260223935,197.25770976070774,172.56957168326522,202.25446829648982,190.64032457799308,219.90905174112072,210.56835841563333,238.99238068173756
shackleton,0.05,168.3191509741221,199.72159098228894,176.17317938999588,205.925184924382,194.1774415771628,223.50676891478648,212.79438009476024,241.32200478714407
shackleton,0.06,170.67084784925564,202.06166061837143,179.37380512463997,209.1635897798268,197.37497872319165,226.75670733059067,214.7966328635255,243.41956487652203
shackleton,0.07,172.9077012283501,204.28702127120195,182.46783015806776,212.309357311476,200.27245403690807,229.70117008093112,216.6008365303548,245.31214246196444
shackleton,0.08,175.03720675239987,206.4057275321207,185.34029675303842,215.22871878697228,202.90327852087137,232.37547380779904,218.229038188373,247.0227978202378
shackleton,0.09,177.06612844425754,208.4249633290238,188.010974659315,217.94292827956542,205.29604040409038,234.80950545727595,219.70032068336457,248.57138682430605
shackleton,0.1,178.5553440204529,209.82974549023473,190.49721574513433,220.47044856877218,207.47544463456092,237.02884677562258,221.03132733048224,249.9751571346712
shackleton,0.11,180.41096424579044,211.6806673560313,192.67250139436214,222.66492061094138,209.46301691815495,239.05560575430638,222.23666156325237,251.24919580597336
shackleton,0.12,182.1825419095188,213.44930314189648,194.83906639341666,224.87134890457781,211.27764262995228,240.90904427932279,223.32919894114423,252.40677399249356
shackleton,0.13,183.87480490711022,215.1405006202106,196.86221569608372,226.9339670233505,212.93598717664895,242.60606083853276,224.32033602142636,253.45961845331854
shackleton,0.14,185.4921138856951,216.75869937280024,198.7529583867176,228.8641150776012,214.45282944961704,244.16156805383838,225.22019256033113,254.4181296474126
shackleton,0.15,187.0385031390064,218.30798001225807,200.39170299751328,230.52395571775793,215.84133034779848,245.58879249560883,226.03777838692673,255.29155992485175
shackleton,0.16,188.51771534587988,219.79210553360414,202.05083895311407,232.22370606143127,216.52438148778467,246.24782229338294,226.78113295528735,256.08816124783067
shackleton,0.17,189.93323130096303,221.2145563435106,203.60456941637074,233.8184596646694,217.71740652268443,247.48313152049724,227.4574433556526,256.81530917820885
shackleton,0.18,191.28829553683192,222.5785601574534,205.06039098018525,235.31577872419865,218.81255454044845,248.62041176750958,228.07314504945091,257.4796080448715
shackleton,0.19,192.58593854792838,223.88711769207217,206.4251627968594,236.72255578164297,219.81843849725828,249.66824841508137,228.63400853827417,258.0869809459836
shackleton,0.2,193.8289961824732,225.14302488320305,207.56899783591828,237.8899595995928,220.74283503747642,250.6343840692229,229.14521442804377,258.64274735612014
shackleton,0.28,202.09628593939695,233.57613632558875,215.15151564154664,245.8003805723925,225.9255787330488,256.13931046354026,231.12727253840927,260.8837120767734
shackleton,0.36,207.63342293677366,239.5800615493556,219.89575205335757,250.91222905743186,228.63772170129755,259.1456417683992,232.7773856231548,262.7803240795375
shackleton,0.44,212.00579691761357,244.2987817160646,222.63079913200357,254.2020174352411,229.6853986717901,260.4259438996681,233.6372657149891,263.8351162954222
shackleton,0.52,214.97402983022081,247.60041955486813,224.35407472743253,256.2822969908345,230.57919482118157,261.57220982390095,234.08243376359323,264.4436106302236
shackleton,0.6000000000000001,217.08240447786656,250.05510830260903,225.4116856563105,257.6821107173062,230.55347974338747,261.86301337821766,233.61083196810816,264.0933109585848
shackleton,0.6799999999999999,218.6935964987639,252.03856351487735,226.04902437726463,258.6488220400566,230.91519081180746,262.4611700208533,233.6282170105799,264.2397120261579
shackleton,0.76,219.92558787124483,253.65689704201407,226.5307140889431,259.45982090153086,230.73333885944837,262.47317844159096,233.64273669130893,264.3766456006521
shackleton,0.8400000000000001,220.82022144852118,254.9377045397695,226.73248276353414,259.9700908123991,230.93354933687178,262.88123447485356,233.63277786469968,264.4920769410965
shackleton,0.9199999999999999,221.4586072193398,255.9596826962813,226.82172495396202,260.3594363853228,230.71770041492368,262.8465755787661,233.51803262970446,264.4871473080618
shackleton,1.0,221.90028943153735,256.78088762575953,226.83518488679627,260.6655633898477,230.43039534224818,262.7322937865649,233.36541221644012,264.53240097723983
shackleton,1.4,222.45903883083284,259.3686792226257,226.21956761600754,261.54367170180154,230.35059682256684,263.53497531886325,233.60287190601002,265.35993122194094
shackleton,1.8,221.95236843797832,260.7259786132438,225.32896006644938,261.9436696724465,230.17217875347418,264.15002685778876,233.2243779771456,265.5041212864676
shackleton,2.2,221.05191386630463,261.49094219266317,225.05661578219403,263.00028146088647,229.59220472004208,264.3944186346024,232.80114311332954,265.57364317227746
shackleton,2.6,219.87211013550393,261.9501106882661,224.48982491836784,263.59450091781844,229.07156235777532,264.56842860228346,232.3921934089246,265.6305235732349
shackleton,3.0,218.56631657043005,262.1658781607903,223.67560891645917,263.9060990913351,228.56485701440653,264.7001091900377,232.00113904998665,265.67992509530217
shackleton,3.4000000000000004,217.4787392938828,262.54543373628485,222.85327077608437,264.10077751662465,227.9831163196903,264.7760077583086,231.54810622389837,265.7074911403683
shackleton,3.8000000000000003,216.65360603234953,263.1566394190314,221.94833523386828,264.1894332949253,227.47590869816204,264.83336897398027,231.16421555403892,265.7361260992897
shackleton,4.2,215.6564773421257,263.5012047366817,221.09056319785216,264.2298067934864,226.98375252526046,264.8585444499799,230.80388436092596,265.7565276824686
shackleton,4.6,214.56581156382725,263.6725167786681,220.17189977378658,264.19282185305076,226.42330374261232,264.83053846862026,230.4569924059305,265.76664487968316
shackleton,5.0,213.42584594249487,263.72436883413104,219.2621822260939,264.10747126992254,225.92327171036004,264.7860919399159,230.12042034492364,265.7657278887994
shackleton,6.666666666666667,206.47385148898107,263.1974770258668,215.5057911781481,263.302947253531,223.7190166719465,264.2357419311049,228.69124042495514,265.6125832134318
shackleton,8.333333333333334,201.40077190414814,262.2476899305444,208.73100244514495,262.28632486983724,220.76242989235263,262.4721833797997,227.3191618467139,265.2419943347351
shackleton,10.0,196.66719278768352,261.25643085455664,204.8708759920274,260.96702423560293,218.4427253214187,261.12524014288306,225.95476625145733,264.6596667917324
shackleton,11.666666666666668,191.66924298053277,258.96295214322123,200.47620129604482,259.091951125704,216.14211844498257,259.52635738151866,223.85099749471246,263.1369888287308
shackleton,13.333333333333334,187.00817442042663,257.03088186759385,196.98478893626705,257.2597211778088,209.87296264529908,259.0199388742269,222.4651509428257,262.2164321665689
shackleton,15.0,183.05210331805029,255.22874158981782,193.11955274332382,254.8381811385582,207.47776245707405,257.58997665495315,221.00864595846457,261.12696540097915
shackleton,16.666666666666668,179.0226008496911,252.65705458832483,189.0862659006189,252.6912185331157,204.3704437511607,255.55451198934028,219.54420142972927,259.91538712657416
shackleton,18.333333333333336,175.57404621582575,251.01411165797506,186.13557843022792,250.56490259206794,201.4151337863169,253.28178659615517,218.07712435187887,258.60313083424415
shackleton,20.0,171.56683128183963,248.78164868621226,182.82668444052325,247.8618735431694,199.21701015027983,251.48085429619806,216.57740410043934,257.19157773605576
aws19,0.0,172.4894393718536,200.4967297926629,171.74446929486464,198.40169042305882,171.99249596847545,195.24128405629585,188.12462706097585,206.1864580364288
aws19,0.01,174.66936552791321,202.18515561917226,176.3090860650306,202.28872069736906,179.8170748439443,202.43151229476393,197.6255510109568,215.50655269301117
aws19,0.02,177.13881208817244,204.20615676676374,180.44755072035036,205.78960780687916,185.91359684737873,207.93107664423619,203.22016478613193,220.88133269657777
aws19,0.03,179.44584694569156,206.0818074936801,184.30432654835914,209.05676426421576,191.39549837347772,212.8683123460144,208.15378761582954,225.61221312396427
aws19,0.04,181.71411786115394,207.94979471257514,187.90159438771494,212.10975866709825,196.33937846531023,217.31751460954973,212.5228577666205,229.79672487514483
aws19,0.05,183.76073480148798,209.72030431967278,191.25951083570763,214.9659133003042,200.80896275124255,221.33942047318524,216.4052283676012,233.5127313276832
aws19,0.06,186.17475637024742,211.86093270924297,193.6336649420295,216.88100177945665,204.1180611179956,224.1700824227098,219.8648260885651,236.8235323140375
aws19,0.07,188.30143344985885,213.69211008288227,197.20410535858636,220.19224346259585,207.82840924595138,227.5208518905939,222.95490474335216,239.78139710850732
aws19,0.08,190.2038393828546,215.2958296797033,200.16547876278912,222.82952536950927,211.20180274310982,230.57145288593955,225.72037102803012,242.43006623138933
aws19,0.09,192.06693799701213,216.88106365006084,202.82904265810802,225.17111860385066,212.72302398726856,231.50957128298225,228.19948319770754,244.806560798666
aws19,0.1,193.76975539709457,218.3112785241974,205.27807515949894,227.3143070151132,216.5018487201571,235.32115622285693,229.67844913728368,246.16980195023837
aws19,0.11,195.46560266564921,219.75767943365875,207.5500542653415,229.30039387759902,219.39349399909858,238.08747405725282,231.72140901685515,248.1367055865657
aws19,0.12,197.08857786971362,221.14509929517067,209.49038563271895,230.95525520148996,221.8927709071883,240.43691667860259,233.56159630651854,249.9113053133076
aws19,0.13,198.5747983387764,222.40069576207705,211.47431752707553,232.69495824149595,224.1156214188127,242.5103607978972,235.22086862614816,251.5144106300719
aws19,0.14,200.06729216738208,223.68398081066115,213.3313451821166,234.32706916867184,226.1165831320387,244.37047834086326,236.71843915726228,252.9642668943307
aws19,0.15,201.49933203111644,224.9189886200765,215.07175615797178,235.8608032949795,227.53306931965957,245.62246877533005,238.0712568877121,254.27693661034323
aws19,0.16,202.8027871541111,226.0282852364347,216.7044473231822,237.3039322613556,229.1999771895124,247.1742455631173,238.3196986805753,254.28387939602678
aws19,0.17,204.1244107716203,227.17563762428387,218.07472269893884,238.48250167508255,230.72061257130326,248.59185512664058,239.77398248407496,255.82821534838882
aws19,0.18,205.3234822645982,228.20226975294867,219.51990733134986,239.76970064731188,232.1104259504235,249.89023296949026,240.96129961944428,257.0573638200186
aws19,0.19,206.5451089210525,229.27014726016594,220.87853856294726,240.98420950792257,233.3825149516906,251.08176435549075,241.98467126275375,258.10417094650444
aws19,0.2,207.71950979663194,230.30019549628636,222.156475142329,242.13091876506235,234.54821566338106,252.1769953404555,242.88506965738378,259.01945990265244
aws19,0.28,215.44344781852524,237.13098338520598,229.73224238926161,248.99148173974842,240.72512469882017,258.0395152362059,247.445196292856,263.65320005384814
aws19,0.36,221.13596145714445,242.31852285587456,234.60699350448988,253.61358008241604,244.20007064010275,261.52160392130037,249.53651825714275,265.85045205096725
aws19,0.44,225.4488493280876,246.39839957892684,237.74454714220178,256.7466865470262,245.60371537397998,263.023602781196,250.54532453316605,266.98761981121976
aws19,0.52,228.702559910664,249.60037722327755,239.65091947840008,258.7738545186426,246.78403012839044,264.39485559527594,250.51884718069738,267.0943869876181
aws19,0.6000000000000001,231.17492430639717,252.14790463371423,241.02254478309246,260.359802204444,247.4653148877853,265.2815913763061,250.93832348810665,267.650844714758
aws19,0.6799999999999999,233.06402461220827,254.20216966649997,241.95659911458267,261.55333025749013,247.57959250654935,265.59018176408165,251.1533714674298,267.99911939918496
aws19,0.76,234.58521317895406,255.96163685617555,242.46825720558314,262.33823766066035,247.88699368425176,266.10912704175905,251.25034909238414,268.22621254389713
aws19,0.8400000000000001,235.68293511336614,257.33407921841064,242.91264862679571,263.0813481610189,247.80628255877193,266.22434705532044,250.97183999492285,268.07703468241004
aws19,0.9199999999999999,236.58384050033024,258.80650484103876,243.10336974629607,263.5681181036445,247.97707117144589,266.6015060575379,250.82153170971867,268.0483041260139
aws19,1.0,237.290072966919,259.87065702374645,243.32673985336214,264.1022178900374,247.84913090720798,266.66627339831734,250.81234272927932,268.17469092551966
aws19,1.4,238.90679896238328,263.381271926546,243.34633812704539,265.82059020245885,247.49622360808462,267.2893137875107,250.76747883406773,268.7336357016315
aws19,1.8,238.8162741408675,265.36800523545105,242.91634321823668,266.88084192089246,247.4580194407974,268.2534694138807,250.4447406324384,268.9957477631109
aws19,2.2,238.1641627818922,266.6763010926769,242.2248107435126,267.7206720415923,247.09254338556053,268.77529172904684,250.04576626495924,269.16431897499007
aws19,2.6,237.05071437224007,267.530250870978,241.5757552080344,268.52728504501385,246.6174432823472,269.14561720010573,249.63960729468891,269.30728494570394
aws19,3.0,235.79433635304036,268.1165884352527,240.7922239167831,269.1481210396057,246.0881615258766,269.4264663238722,249.17282474194818,269.4365380866874
aws19,3.4000000000000004,234.3584606468909,268.4935522077552,239.85193769011562,269.52189794957786,245.46488533133711,269.6339739752012,248.75706958968584,269.5420871978791
aws19,3.8000000000000003,232.87156253572184,268.73406930155846,238.77979279823174,269.7279420078418,244.85632744102875,269.7728448708045,248.34315342721231,269.6270576715249
aws19,4.2,231.3231011885466,268.81664845704876,237.65909992122891,269.81343931782595,244.21776440310833,269.84802468169704,247.92738032108082,269.69105154763025
aws19,4.6,229.76685606659194,268.8503263762558,236.47941132866197,269.79869241871836,243.51705170834555,269.86201606208755,247.50801599072884,269.73374669743106
aws19,5.0,228.23996807866143,268.9082918670431,235.28347656665557,269.7042292789025,242.8195413190912,269.8212794134828,247.08395199708752,269.755004174588
aws19,6.666666666666667,222.16729023741868,268.5265558748169,230.125264849029,268.6436236647388,239.65285304784567,269.1294706897309,245.19903627429835,269.6158003791441
aws19,8.333333333333334,215.9892016680331,266.99836386592466,224.80958479609563,266.68500413346294,236.06906273559952,267.5893142648361,243.2152201637462,269.1284304587745
aws19,10.0,207.4477234588705,265.6035321279038,219.81374197106257,264.456803330432,232.5534841667385,265.79274861304043,240.82259999995352,268.0124934808829
aws19,11.666666666666668,201.50296454418046,263.6144422122724,211.46450274422872,263.21574755235986,229.008162092423,263.6766661797502,238.67581531538,266.9768235117582
aws19,13.333333333333334,196.17131432455398,261.2284275176055,206.66909310240618,261.02136912946867,225.49462949796478,261.3520192804049,236.4745351482818,265.73166250729014
aws19,15.0,191.07174216409408,258.8449344253105,201.84439776637788,258.4464907508798,222.0647780424471,258.90274481586926,234.22284784137852,264.31502480386075
aws19,16.666666666666668,186.40000946083578,256.7324486020721,197.75467635843574,255.96956678366197,218.5108203993984,256.14612635244436,231.966144856597,262.76896636255117
aws19,18.333333333333336,182.02764196554483,253.937406570495,193.41512408218702,253.43800970847957,210.8982158550711,255.72637362138823,229.70594998663412,261.11875811456093
aws19,20.0,177.8628986059443,251.39070584563285,189.58985619677222,251.14784469344983,207.5232140600041,253.64696651839662,227.45665257133697,259.3882590871954
aws15,0.0,118.6887530622064,165.89791794147217,129.56445857403887,173.78477878271693,146.64984759650372,183.09356373353725,177.38266721679335,202.72061324614526
aws15,0.01,123.98946558118713,169.91249782247166,137.5052825838175,179.75676284100368,157.16166414605803,191.4419154349688,188.6897419898157,212.6133025730105
aws15,0.02,128.80011842590523,173.47757265558465,144.5621068175844,185.03497442125115,165.7723475525279,198.23399745999694,195.6583924618865,218.4834826574328
aws15,0.03,133.38560336188368,176.8609217518105,151.10055283563418,189.89602181504858,173.48742121246096,204.27118187442554,201.7939473181455,223.62347572228316
aws15,0.04,137.75868522961903,180.07919650082823,157.16947477331587,194.3916707332125,180.42758633452277,209.6741782927037,207.2208667910918,228.1545178222359
aws15,0.05,141.8050586459963,182.96932356989424,162.81053859918822,198.56197439640553,186.68850320582214,214.53343855761304,212.03732751951404,232.16889819477532
aws15,0.06,145.79123725455048,185.89902111690088,168.05998491494123,202.43945226381456,192.34886242717528,218.91993084754526,215.70605362723234,235.04568357266706
aws15,0.07,149.59846684580475,188.69734906334895,172.94978280433165,206.05135460049678,197.47499897996448,222.89116486680862,219.5631829990099,238.27149480637988
aws15,0.08,153.23637506368888,191.37265212867905,177.50842741552003,209.4210267140477,202.12378734899875,226.4948654671711,223.00971872763262,241.15807028724066
aws15,0.09,156.71391869164282,193.93236210830835,181.76151693197022,212.56879489126118,206.34458818888595,229.77135851131163,226.09372084078754,243.7463966310398
aws15,0.1,160.03944846097733,196.38317566105476,185.56493959608946,215.28803070143252,210.18062935172932,232.75519799343246,228.85665542380966,246.0713282211003
aws15,0.11,163.22076652146802,198.73118198078177,189.27963834845343,218.05128003548901,213.6700283051158,235.47632034478033,231.33455749195173,248.16281099387686
aws15,0.12,166.26517668205776,200.98195771649267,192.7518573354122,220.6404697425606,216.84657556048396,237.96089063736022,233.55891854685927,250.0467851091525
aws15,0.13,169.06894491059313,202.9872039334634,195.99911735481336,223.0685131916089,219.41863380939517,239.82913296314584,235.5573815888061,251.74586830642986
aws15,0.14,171.86187979060216,205.06170389258335,199.0374786092649,225.34711754208607,222.06512931158323,241.91821634748038,237.35429732350306,253.27988544616323
aws15,0.15,174.53718021473782,207.05319101440804,201.88169393601365,227.48694063398474,224.48558266222662,243.8395248819164,238.97117752782574,254.6662874794581
aws15,0.16,177.10054635712865,208.96578608507855,204.54533979024865,229.49771895499126,226.6950949416942,245.601116980173,240.42707031572624,255.920489072925
aws15,0.17,179.55735185683318,210.8033405983582,207.0409294723131,231.38837363852812,228.71313928243478,247.21755957031434,241.73887476345146,257.0561450758715
aws15,0.18,181.91266750743932,212.5694628495727,209.38001193484752,233.16709944926285,230.55725933997877,248.70194058186695,242.92160751070705,258.0853800631161
aws15,0.19,184.1712825613884,214.26754017169057,211.57325869828273,234.841440366438,232.24328235298984,250.0660464864843,243.9886306606789,259.0189811887232
aws15,0.2,186.33772398557957,215.9007580945174,213.630540826398,236.41835444587863,233.78550416911656,251.32051275715423,244.9518480136054,259.86656185263445
aws15,0.28,200.70128459376537,226.7949451967014,225.90860976333695,245.87038348794042,242.01324489591877,258.07813808549423,249.5481851294101,263.92902835256734
aws15,0.36,211.1267608848026,235.3365754628865,233.6517293605246,252.2060100621679,246.3753724835649,261.9681634939775,252.01151647038634,266.3304912748958
aws15,0.44,218.8992722821178,241.65486770895535,238.1530667605185,256.21798152795054,248.65116994205835,264.1676142454081,253.19844317288468,267.5949243052307
aws15,0.52,224.5806741099261,246.35595007903785,241.15215935772963,258.95191610714284,249.5724845426608,265.12045206163475,253.78125098086048,268.3003873704314
aws15,0.6000000000000001,228.85463257261955,250.0249541472865,243.20950778480744,261.0132041515706,250.13851850614424,265.83326520860516,254.0641656501496,268.7175521726427
aws15,0.6799999999999999,232.2022160995686,253.0727587075123,244.47254833453025,262.38259405276926,250.52553408013785,266.56220937142746,253.9403993751631,268.70945990523853
aws15,0.76,234.6438484235092,255.35736239447291,245.4055062825282,263.53180614856325,250.67298650154768,266.91223952345274,254.07081506428955,268.98015359128505
aws15,0.8400000000000001,236.6352953227053,257.3760748504131,245.87150746621194,264.21062826704986,250.74532764136396,267.1882310455121,253.95984735482568,268.99188767493956
aws15,0.9199999999999999,238.06983447783844,258.89779220240547,246.2449186171802,264.8522217759386,250.77390563466824,267.41962223333655,253.78789381186368,268.9372156632559
aws15,1.0,239.27754229491424,260.30732327760484,246.48687782520585,265.3785043574889,250.8868880576623,267.75197847860795,253.7383342231318,269.01535537034306
aws15,1.4,241.90980614314222,264.60587409392065,246.837970305831,267.2624320288813,250.57395321870095,268.3906424363045,253.61729973471247,269.61406412871617
aws15,1.8,242.23843260331665,266.8047926283613,246.31434020674422,268.34914615776944,250.48773111090577,269.2880103833352,253.3183945071079,269.9081996312211
aws15,2.2,241.6390287663064,268.262467708391,245.62113122976618,269.12721488784206,250.13303347623494,269.8780807811775,252.93812760291036,270.1031819462722
aws15,2.6,240.62396676096986,269.2088898803884,244.63743647858726,269.7457836130835,249.67643663149647,270.294825187507,252.54550509784872,270.2687204631048
aws15,3.0,239.2922338775778,269.8183895492513,243.91628871874133,270.44098435961695,249.15279906764832,270.60785135470906,252.1470752499513,270.4118653993399
aws15,3.4000000000000004,237.82329580622667,270.2088922972626,242.94524490645406,270.8552418952132,248.57427285539632,270.8363186958256,251.74215837528934,270.5324228528369
aws15,3.8000000000000003,236.27965486233884,270.4455121473538,241.86138167298364,271.08460146354804,247.92340970391675,270.98916094746994,251.2935700980584,270.6334938308786
aws15,4.2,234.63814231996673,270.50496157798284,240.68327710378344,271.17585713097634,247.25420819282994,271.0699632956573,250.86816763661136,270.70697281157777
aws15,4.6,232.98117046990978,270.4747055253585,239.45843665947112,271.1594408664297,246.54810970681953,271.0848810413209,250.43627459488096,270.75582807551496
aws15,5.0,231.29850838248404,270.35256697411086,238.19140605111681,271.0533130143455,245.79701403706588,271.0386100965894,249.99591495399667,270.7802741269329
aws15,6.666666666666667,224.59850857611153,269.72146926360097,232.74723403422448,269.9092529854945,242.37654508182553,270.2303706744437,248.03407451898497,270.62861678372946
aws15,8.333333333333334,218.17568050516812,268.16212407514877,227.27223152458015,267.98233540828335,238.74917825093007,268.8065024686136,245.9272371136666,270.09886105802065
aws15,10.0,209.38842357121007,266.70334767508837,221.97839956965117,265.61611518095305,234.98686890937196,266.89297208274576,243.51259874177748,269.05448695800743
aws15,11.666666666666668,203.32098809362003,264.6657026155129,213.39737148111257,264.2986251832592,231.2005541911327,264.6584450235882,241.19664820970172,267.93791839673054
aws15,13.333333333333334,197.69516626860363,262.1662682561056,208.38129822063928,261.88352957197367,227.46071405192887,262.21928600897655,238.82334707073886,266.6075072849223
aws15,15.0,192.48565550569452,259.65413218477465,203.36623833292037,259.3510640191542,223.81959613678757,259.660418999483,236.42193210843016,265.1109218041734
aws15,16.666666666666668,187.603799136074,257.52471113135124,199.0836956896092,256.70326342639675,220.14628413495979,256.87844315044,234.00281674105554,263.482935030523
aws15,18.333333333333336,183.11154560775486,254.6648140388178,194.69748673684919,254.07200477378424,212.46403259548728,256.38951140434034,231.5957375013831,261.7570056855421
aws15,20.0,178.890183422381,252.02207039347206,190.3768078677166,251.4781729629682,208.96783156704063,254.14655172145567,229.20481560187503,259.9542204751503
aws17,0.0,138.86142776418367,177.33160321536656,141.04193798819435,174.79620910939866,149.88510837427836,176.53664130788297,168.29139075452605,189.1044610116473
aws17,0.01,143.12377410531192,180.92346499792856,148.19995487826702,181.2228001602037,160.488337163842,186.82646515088967,181.8814134428755,203.1747816843957
aws17,0.02,146.93614196988474,184.05084316348277,154.03249502430748,186.25974252261096,168.3596276973673,194.28293168453783,189.10142574686554,210.43861225445613
aws17,0.03,150.32779082504456,186.72079397355242,159.60805127058794,191.12490707381292,175.3203934072147,200.82940382249515,195.30598352049165,216.63404168917188
aws17,0.04,153.79245623649442,189.5555647950347,164.75836830771908,195.60305734893137,181.51685130460376,206.62563577078672,200.69180804866565,221.9817594747923
aws17,0.05,157.09542994010027,192.25667762325557,169.52602399734783,199.73861002972143,187.06051720481406,211.7907786534036,205.40250410888032,226.63959454697923
aws17,0.06,160.245918686852,194.83322032276536,173.94723044206765,203.56798240497656,191.61470160103983,215.92549504744272,209.5467112581504,230.72473955045717
aws17,0.07,163.25247068275704,197.29323599438482,178.05324436275174,207.1216837598166,196.12131516795478,220.11048306524773,213.20909613679623,234.327009601962
aws17,0.08,166.12301762023782,199.6439222631493,181.87136787878234,210.42570696053832,200.19199641855417,223.88689741363808,216.45729237279988,237.51709559912302
aws17,0.09,168.8649257693333,201.89177747706836,185.23640411626835,213.27013997585684,203.87644281288826,227.3038326645032,219.3464434345001,240.35189344242605
aws17,0.1,171.48504689160904,204.04271120252162,188.55476425681587,216.1473820434235,207.21699710014724,230.40248500843433,221.92227367674178,242.87805837187267
aws17,0.11,173.98976553258888,206.1021298314211,191.6495950449861,218.83389431191344,210.25013041206319,233.2178691257564,224.2232259457516,245.1344457962894
aws17,0.12,176.385041663684,208.07500431534413,194.53815373963616,221.34503200539334,213.00753797176867,235.78006773893065,226.28198993157963,247.15383294273363
aws17,0.13,178.67644864399296,209.9659247367408,197.23604084703052,223.69451717946006,215.5169680226249,238.11516145619672,228.1266223854528,248.96416372979147
aws17,0.14,180.86920686015597,211.77914497297826,199.75741522432378,225.89468101111206,217.80286223896127,240.24593464133363,229.78138729183414,250.5894699281023
aws17,0.15,182.96821352348212,213.51861976060633,202.11517105693673,227.95665815446756,219.88685983128337,242.1924210383877,231.26739952301148,252.05056759727057
aws17,0.16,184.760863969431,214.91546084603272,204.13064085672266,229.65795377998072,221.78820103954345,243.9723325509277,232.60312763250747,253.36559421933057
aws17,0.17,186.69031018588078,216.52389788206565,206.20164328332265,231.48060573342173,223.52405495140147,245.60140133241595,233.13336767010003,253.84645144652026
aws17,0.18,188.53889143934163,218.06879657540478,208.14125419417329,233.192450158866,224.76426938374877,246.69847798558266,234.2530619763004,254.95521795050692
aws17,0.19,190.31045408413442,219.5531900325178,209.95858555491543,234.8011809829933,226.22956221182375,248.08498657657046,235.2634423471766,255.95771335347922
aws17,0.2,192.00862776488333,220.9799287547471,211.66203045154109,236.31385923581362,227.57015812069176,249.3575824623859,236.17584610391737,256.86498087853414
aws17,0.28,203.38055426870946,231.06913214714632,221.82646753241184,245.6931718940801,234.95035705356747,256.47504979162295,240.95385521411856,261.67212758735525
aws17,0.36,211.3195786287862,237.96331893389788,227.9568994327574,251.41964306689493,238.41754257078628,259.9323802577819,243.15454880475033,263.9687782556541
aws17,0.44,217.2870584049211,243.3618330804328,231.56927814995953,254.90946709218994,240.05116288117748,261.83248252576686,243.76520972620537,264.6876311700835
aws17,0.52,221.5075705228486,247.26248212305703,233.93345087690616,257.36745058823277,241.15163085823713,263.1581329485484,244.42401212488676,265.47804770794426
aws17,0.6000000000000001,224.79758609758727,250.48068484633123,235.41523592289977,259.04325258031434,241.54330292413263,263.7510236130647,244.37445395315999,265.55226020498435
aws17,0.6799999999999999,227.0716687066442,252.78014323437122,236.35760489423024,260.2367941537514,241.71117502280393,264.12520095523604,244.52959547571814,265.83565647210395
aws17,0.76,228.939085502216,254.81689172174802,236.94730529638522,261.10679864524633,241.7565893930941,264.3766643254997,244.40692278659702,265.9424201029544
aws17,0.8400000000000001,230.17052989785117,256.24624392847517,237.31920969200877,261.7755195201529,241.74129332517902,264.56555413583243,244.369914096466,266.0389316509231
aws17,0.9199999999999999,231.24804113416147,257.61193351443166,237.53905760745295,262.29866003992345,241.8968401936521,264.9358506736062,244.24823219094867,266.04621719733603
aws17,1.0,231.8115645330261,258.4421943996892,237.53867069471696,262.58588379923555,241.83238659517224,265.06857991879156,244.20006103925536,266.1283807558924
aws17,1.4,233.1366189494493,261.7583810489665,237.25617456399561,263.95435580213353,241.34990590505512,265.55576973298747,244.33076598734098,266.8505433720167
aws17,1.8,232.77240345994076,263.37077561530276,236.5731171117492,264.71345120840795,241.27231354910086,266.3546130634073,243.99129949677268,267.07755767515386
aws17,2.2,231.81747315928908,264.2603593739728,235.79290342509503,265.46226405379446,240.7367424568765,266.75845532703516,243.58472460512368,267.21601389632553
aws17,2.6,230.696120125613,265.0138467234622,235.3010280819204,266.31457361200364,240.22351367603017,267.0466485860632,243.1769286958789,267.33072612747634
aws17,3.0,229.45633989435964,265.49063303215917,234.54284944023334,266.8124036424517,239.69135166272764,267.267192875323,242.77507042677553,267.4292754406835
aws17,3.4000000000000004,228.09638856237876,265.83166460061733,233.56943962431814,267.10245197741153,239.07368790778733,267.4252804138808,242.29857764717462,267.5111042450671
aws17,3.8000000000000003,226.67330559959072,266.0135429320839,232.60115422314226,267.27463084194477,238.49635023489282,267.5353965776337,241.89129157175373,267.5780734377788
aws17,4.2,225.30799129302093,266.28062685368093,231.53113231965992,267.33735589345827,237.91364382832018,267.5952872690974,241.49507169369747,267.62848640226133
aws17,4.6,224.12046179035522,266.59316844056343,230.45588188249005,267.3226764197972,237.2673243017806,267.5997801156413,241.1038760421983,267.66201656778895
aws17,5.0,222.84208598844228,266.7330505821003,229.38521053562985,267.2447668056436,236.64426861502358,267.5632487636843,240.71538484698758,267.67845178981116
aws17,6.666666666666667,217.1621983502905,266.237748759623,224.78014839611782,266.32144012729003,233.86700126884713,266.95726217449374,239.01095681559792,267.55503625979344
aws17,8.333333333333334,209.01844853951823,265.10524659898,219.7968482161494,264.3071339561901,230.49125094115985,265.3084577418943,237.2787668481959,267.1379323331918
aws17,10.0,203.43352785309605,263.54837264632954,212.29595899383648,263.5275453713791,227.45242725018244,263.71801709767897,235.49684333070653,266.4549305976736
aws17,11.666666666666668,198.1440323719712,261.92332767040926,207.7929188595569,261.58818969789513,224.3690948357517,261.8147724900175,233.1248375698864,264.98202928957164
aws17,13.333333333333334,192.98619789765792,259.4535583095169,202.9626123647094,259.43570084833505,221.317592967057,259.71036553318174,231.2603984431972,263.8925484821252
aws17,15.0,188.0240732474058,257.39382626826296,199.0147667639681,257.15692609343915,218.30304194644654,257.4657397114772,229.33156825691063,262.63054799872225
aws17,16.666666666666668,183.84965400175727,255.16727456032066,194.86950560382388,254.56740349223733,210.83892530856525,256.77455901689257,227.3879494425631,261.2369794730736
aws17,18.333333333333336,179.69997982121222,252.5176830860928,190.5636934715222,252.27083904006327,207.82866269555285,254.89539370696545,225.42326694858352,259.7314466112334
aws17,20.0,175.97952135225717,250.71012812739062,187.3213944024561,249.8781024310116,204.4029352057057,252.563575580679,223.4808508156282,258.1497217199964
wilkins,0.0,136.6877385878371,203.81481668938613,137.00350122421986,197.2624264744394,147.53222364391974,195.80173238275503,180.88581000454005,210.89836917188742
wilkins,0.01,141.21194470378003,205.9131076921826,144.41259071678823,201.1855457146361,158.22806822113347,202.70970793324582,191.35829620229092,218.75474421322195
wilkins,0.02,145.41177965359074,207.845701150616,151.19150029681091,204.85594200815203,167.16551598958796,208.37911587378045,198.71767778478218,224.11347175377898
wilkins,0.03,149.42994492702596,209.7079954736661,157.51826842343226,208.29296208938513,175.23945483721562,213.4912314641522,205.23024563143434,228.84435165587195
wilkins,0.04,153.274368126547,211.50268161825934,163.42317778607386,211.51438349516704,182.54339621328938,218.11556045790095,211.0081845190138,233.0379888732293
wilkins,0.05,156.9529428155227,213.23240218517677,168.9354569768451,214.53598717722807,189.15818942830313,222.30868743184425,216.14456652922362,236.7672973651045
wilkins,0.06,160.22214613309384,214.69515885430042,173.95267301666496,217.18409549161672,195.1545533179734,226.1180694475561,220.71794926994164,240.092255507567
wilkins,0.07,163.36846192704567,216.02289555389476,178.0478006643937,218.92445293400743,200.59482432770756,229.58428536320451,224.795461761978,243.0630356458007
wilkins,0.08,166.65807703379522,217.69432360402837,183.08636150036418,222.31976693164006,205.22860933137306,232.32102785859357,228.43498916727955,245.72215833818655
wilkins,0.09,169.7750472685071,219.25371565185074,187.44128601594943,224.94001359903882,209.73070704982985,235.22207613393573,231.68678713841052,248.10603130792052
wilkins,0.1,172.74797440696568,220.73771996413112,191.31476105404028,227.10447370634063,213.82425356918105,237.8719523159905,234.59471641973818,250.24608386371298
wilkins,0.11,175.59042279867447,222.15991675776476,195.02313322032785,229.25817388279222,216.5336119948419,238.8544111581841,237.19721354379283,252.1696259456321
wilkins,0.12,178.31131798243325,223.52708424513918,198.4791110898035,231.26183029489414,220.50246513500048,241.9947965157474,238.99279188276836,253.24903975185782
wilkins,0.13,180.917692523221,224.84345643789766,201.70693627374993,233.13609821191775,223.78737828338927,244.3431628954222,241.09727522410424,254.82723724395086
wilkins,0.14,183.41560991352398,226.11213544931493,204.7256359134651,234.89467728823183,226.70128190681683,246.36765641984337,243.0001153510932,256.26902588959734
wilkins,0.15,185.81053423679114,227.33564230551227,207.4334720009107,236.37938237841607,229.3238803075249,248.16943290409563,244.70899505405484,257.571688725168
wilkins,0.16,188.10750047278768,228.51615967885638,210.08402006149495,237.94098752135133,231.69847211742123,249.79447237014116,246.24465893033428,258.7497594970729
wilkins,0.17,190.31120342020336,229.65564990679013,212.5684451664454,239.41267862248162,233.8554023001774,251.2704610150628,247.6255194131693,259.8161341600209
wilkins,0.18,192.42604982695764,230.75591737012053,214.89839132732172,240.80082475207553,235.81855914372989,252.61684808437792,248.86793708166186,260.78227574540324
wilkins,0.19,194.45619237422622,231.81864400735031,217.08452862621505,242.11114439245233,237.34374555326906,253.48889272122352,249.03184647848207,260.3568518109216
wilkins,0.2,196.40555398305918,232.8454109732886,219.13667664653187,243.34883219337257,238.98831692499078,254.6347078638788,250.46667363290345,261.7634749467775
wilkins,0.28,209.49967897568658,239.92969900270072,231.40672550395092,250.73677321623833,247.98985539545146,261.0861202716777,256.138071643493,266.67310032437433
wilkins,0.36,219.13050144944083,245.40981227571748,239.1600732394785,255.82137783324072,252.36067543923653,264.3623708832046,258.21746644164335,268.44220086908086
wilkins,0.44,225.9913906267643,249.24831105517484,244.0128045747387,259.1788474267597,254.61043345730212,266.21553999849436,259.4408131522037,269.68517877963166
wilkins,0.52,231.47042096077007,252.74803361351385,247.16788147114914,261.54602708969287,255.82178114532962,267.3521223545634,260.0427456852692,270.3866654935444
wilkins,0.6000000000000001,235.6703107172579,255.59012813910635,249.4173046929014,263.48630673827074,256.4920579651145,268.0904206402916,260.137025944986,270.5645400145443
wilkins,0.6799999999999999,238.92456770022548,257.9321195831214,250.7830597301914,264.7078223550203,257.03935129514434,268.8238465046437,260.3577226980646,270.92871007304944
wilkins,0.76,241.168797349725,259.4540774056764,251.83856590750878,265.82426705423387,257.28038731082756,269.2295320022371,260.3220772656013,271.0003654311081
wilkins,0.8400000000000001,243.20544160722153,261.15362353898564,252.52591314851432,266.6366742837402,257.4295236093578,269.5544187029121,260.42288912132415,271.2425185375096
wilkins,0.9199999999999999,244.78176992343865,262.7319152043174,253.0829782182197,267.4078669996074,257.5361356455223,269.8450780730834,260.34180413103337,271.26788003403277
wilkins,1.0,245.9206557890397,263.77423404469283,253.43053395457954,267.97961025522676,257.6077725638973,270.10154444686947,260.28885464147027,271.326525535473
wilkins,1.4,249.2891675801726,268.03065313683663,254.2158454478591,270.2751459882435,257.79168802696563,271.234092178966,260.21183775198915,271.8902575895578
wilkins,1.8,249.950020963916,270.35372146446605,254.13636309345225,271.72589345888855,257.7138796999109,272.1725995986293,260.0347132478129,272.2901135259208
wilkins,2.2,249.70463335364045,272.12342296907156,253.6553146675217,272.80119473718696,257.58490532875567,272.94752925936183,259.7475516063758,272.5723778032071
wilkins,2.6,248.58355630668788,272.9249709515915,252.8502366024794,273.5068752661655,257.2364978961321,273.48901478028654,259.42512287114175,272.81120383215415
wilkins,3.0,247.28762163477901,273.6642785950491,251.8743403284201,274.0513064647291,256.7563637956568,273.88454471138164,259.0789279900187,273.01398952488546
wilkins,3.4000000000000004,245.68548201794334,274.00130177438086,250.65771347196983,274.4435414614237,256.17513261963944,274.1626882002263,258.7070387565402,273.18192166916174
wilkins,3.8000000000000003,244.02578292353456,274.28798707369015,249.50715226289958,274.73860927366474,255.5111801309203,274.3395941365598,258.30971401797206,273.314918471905
wilkins,4.2,242.27448486527146,274.42246826057226,248.22347644788437,274.8517996237852,254.77632463085365,274.42538284512165,257.8875115523227,273.413226827363
wilkins,4.6,240.39269325394264,274.28784227842516,246.8556579490907,274.8279150684688,253.97900958495262,274.4277501523794,257.44130401156565,273.4774471924747
wilkins,5.0,238.5456994063725,274.17025721815463,245.42679057630775,274.6921374724136,253.131989654091,274.3572733197031,256.97219960916607,273.50845738537595
wilkins,6.666666666666667,230.8183312688626,272.8771784840295,239.21408460455714,273.308995102635,249.6205150751769,273.83159534326006,254.80030079707595,273.30593191512213
wilkins,8.333333333333334,223.41586482186437,271.0439697874368,233.3644958119226,271.48026402491445,245.31059159168817,272.0881110403066,252.35469038309435,272.64178433710134
wilkins,10.0,214.26411280368995,269.7347558180995,227.31896869825295,268.7485714947628,240.87175189479152,269.8379748863288,249.9006922264521,271.78558740501813
wilkins,11.666666666666668,207.62921165393445,267.22595872186673,221.6044512526851,265.7748552614062,236.4574724774126,267.2777529055886,247.1302708461533,270.4328109212502
wilkins,13.333333333333334,201.3643691594127,264.6062132144378,212.39954112772884,264.1746256384,232.14983975914726,264.5352497718864,244.30393510945785,268.86162093650364
wilkins,15.0,195.83875547170268,261.8503328274666,207.00625483351422,261.6708397661714,227.98833312875985,261.6931041119173,241.4660167567092,267.12993725621413
wilkins,16.666666666666668,190.47295998837805,259.54678212208125,202.19101590865975,258.6168251009376,224.03651413636368,258.8549342510897,238.6465105925389,265.2816936444492
wilkins,18.333333333333336,185.67552301602254,256.5392140595176,197.64180356463035,255.77364154381596,216.0452396906004,258.1122126126639,235.864645540944,263.34986731730777
wilkins,20.0,181.26628875386052,253.6856466741789,192.95804281875112,253.23322763964944,212.14698235904987,255.4242279629238,233.04333773326826,261.26863249553685
